,Name of Hawker Centre,Common Property  Managed & Maintained by,Address,Latitude,Longitude
0,Amoy Street Food Centre,NEA,7 MAXWELL ROAD DBS AMOY STREET FOOD CENTRE SINGAPORE 069111,1.27923120961067,103.846619273705
1,Bedok Food Centre,NEA,1 BEDOK ROAD BEDOK FOOD CENTRE SINGAPORE 469572,1.32034716834128,103.955480570427
2,Beo Crescent Market,NEA,38A BEO CRESCENT BEO CRESCENT MARKET SINGAPORE 169982,1.28883089150258,103.827353892228
3,Berseh Food Centre,NEA,166 JALAN BESAR BERSEH FOOD CENTRE SINGAPORE 208877,1.30734410946371,103.856888783769
4,Bukit Timah Market,NEA,51 UPPER BUKIT TIMAH ROAD BUKIT TIMAH MARKET SINGAPORE 588215,1.33945242854685,103.776007306701
5,Chomp Chomp Food Centre,NEA,20 KENSINGTON PARK ROAD CHOMP CHOMP FOOD CENTRE SINGAPORE 557269,1.36423252476886,103.86652701738
6,Commonwealth Crescent Market,NEA,31 COMMONWEALTH CRESCENT COMMONWEALTH CRESCENT MARKET SINGAPORE 149644,1.30690013206335,103.800367271218
7,Dunman Food Centre,NEA,271 ONAN ROAD DUNMAN FOOD CENTRE SINGAPORE 424768,1.30941788760759,103.901825408227
8,East Coast Lagoon Food Village,NEA,1220 EAST COAST PARKWAY DBS EAST COAST LAGOON FOOD VILLAGE SINGAPORE 468960,1.30690573552745,103.935137935777
9,Geylang Serai Market,NEA,1 GEYLANG SERAI UOB GEYLANG SERAI MARKET SINGAPORE 402001,1.31673634930331,103.898227885022
10,Golden Mile Food Centre,NEA,505 BEACH ROAD GOLDEN MILE FOOD CENTRE SINGAPORE 199583,1.30314175320333,103.863877615334
11,Holland Village Market & Food Centre,NEA,1 LORONG MAMBONG HOLLAND VILLAGE MARKET & FOOD CENTRE SINGAPORE 277700,1.31107297402127,103.794876419662
12,Kallang Estate Market,NEA,17 OLD AIRPORT ROAD KALLANG ESTATE FRESH MARKET AND FOOD CENTRE SINGAPORE 397972,1.30734398370473,103.884017699319
13,Margaret Drive Hawker Centre,NEA,38A MARGARET DRIVE MARGARET DRIVE HAWKER CENTRE SINGAPORE 142038,1.29742585102203,103.804710471304
14,Market Street Hawker Centre,NEA,86 MARKET STREET MARKET STREET HAWKER CENTRE SINGAPORE 048947,1.28405945173514,103.84988238435
15,Marsiling Mall Hawker Centre,NEA,4 WOODLANDS STREET 12 MARSILING MALL HAWKER CENTRE SINGAPORE 738623,1.43354318137534,103.77988189197
16,Maxwell Food Centre,NEA,1 KADAYANALLUR STREET MAXWELL FOOD CENTRE SINGAPORE 069184,1.28033142727315,103.844747227479
17,Newton Food Centre,NEA,500 CLEMENCEAU AVENUE NORTH OCBC NEWTON FOOD CENTRE SINGAPORE 229495,1.31211427254136,103.839813174478
18,North Bridge Road Market & Food Centre,NEA,861 NORTH BRIDGE ROAD NORTH BRIDGE ROAD MARKET SINGAPORE 198783,1.30563433652207,103.863909336656
19,Pasir Panjang Food Centre,NEA,121 PASIR PANJANG ROAD PASIR PANJANG FOOD CENTRE SINGAPORE 118543,1.27591797439292,103.791410908656
20,Sembawang Hills Food Centre,NEA,590 UPPER THOMSON ROAD SEMBAWANG HILLS FOOD CENTRE SINGAPORE 574419,1.37231949296183,103.829018145089
21,Serangoon Garden Market,NEA,49A SERANGOON GARDEN WAY SERANGOON GARDEN MARKET SINGAPORE 555945,1.36308501111104,103.866724949118
22,Taman Jurong Market & Food Centre,NEA,3 YUNG SHENG ROAD DBS TAMAN JURONG MARKET & FOOD CENTRE SINGAPORE 618499,1.33468266452814,103.721619258973
23,Tanglin Halt Market,NEA,48A TANGLIN HALT ROAD TANGLIN HALT MARKET SINGAPORE 148813,1.30054407507427,103.797737980247
24,Tiong Bahru Market,NEA,30 SENG POH ROAD DBS TIONG BAHRU MARKET SINGAPORE 168898,1.28468599168094,103.832421566287
25,Zion Riverside Food Centre,NEA,70 ZION ROAD ZION RIVERSIDE FOOD CENTRE SINGAPORE 247792,1.2923422114207,103.831189023623
26,ABC Brickworks Market & Food Centre,Tanjong Pagar Town Council,6 JALAN BUKIT MERAH ABC BRICKWORKS MARKET & FOOD CENTRE SINGAPORE 150006,1.28688297261475,103.808131274161
27,Albert Centre Market & Food Centre,Jalan Besar Town Council,270 QUEEN STREET ALBERT CENTRE MARKET & FOOD CENTRE SINGAPORE 180270,1.30100149635856,103.854211650138
28,Alexandra Village Food Centre,Tanjong Pagar Town Council,120 BUKIT MERAH LANE 1 ALEXANDRA VILLAGE FOOD CENTRE SINGAPORE 150120,1.28630594274136,103.804492637648
29,Blk 117 Aljunied Ave 2,Marine Parade Town Council,117 ALJUNIED AVENUE 2 MARKET & HAWKER CENTRE (BLK 117 ALJUNIED AVE 2) SINGAPORE 380117,1.32064636781982,103.88702414
30,Kebun Baru Market and Food Centre,Ang Mo Kio Town Council,226D ANG MO KIO AVENUE 1 KEBUN BARU MARKET AND FOOD CENTRE SINGAPORE 564226,1.36681000469504,103.839142557804
31,Teck Ghee Court,Ang Mo Kio Town Council,341 ANG MO KIO AVENUE 1 TECK GHEE COURT SINGAPORE 560341,1.36410720984459,103.848242165861
32,Mayflower Market and Food Centre,Ang Mo Kio Town Council,160 ANG MO KIO AVENUE 4 MAYFLOWER MARKET AND FOOD CENTRE SINGAPORE 560160,1.37452773784115,103.839176060905
33,Ang Mo Kio 628 Market,Ang Mo Kio Town Council,628 ANG MO KIO AVENUE 4 ANG MO KIO 628 MARKET SINGAPORE 560628,1.38098761665454,103.840628087484
34,Blk 724 Ang Mo Kio Ave 6,Ang Mo Kio Town Council,724 ANG MO KIO AVENUE 6 MARKET & HAWKER CENTRE (BLK 724 ANG MO KIO AVE 6) SINGAPORE 560724,1.37217258545171,103.846510310202
35,Blk 409 Ang Mo Kio Ave 10,Ang Mo Kio Town Council,409 ANG MO KIO AVENUE 10 MARKET & HAWKER CENTRE (BLK 409 ANG MO KIO AVE 10) SINGAPORE 560409,1.36265410749321,103.855288297631
36,Chong Boon Market and Food Centre,Ang Mo Kio Town Council,453A ANG MO KIO AVENUE 10 CHONG BOON MARKET AND FOOD CENTRE SINGAPORE 561453,1.3682477887765,103.856361649863
37,Cheng San Market and Cooked Food Centre,Ang Mo Kio Town Council,527 ANG MO KIO AVENUE 10 CHENG SAN MARKET AND COOKED FOOD CENTRE SINGAPORE 560527,1.37277209302753,103.854457955288
38,226H Ang Mo Kio Street 22,Ang Mo Kio Town Council,226H ANG MO KIO STREET 22 KEBUN BARU FOOD CENTRE SINGAPORE 568226,1.36717874094695,103.840157741978
39,Blk 216 Bedok North Street 1,East Coast Town Council,216 BEDOK NORTH STREET 1 MARKET & HAWKER CENTRE (BLK 216 BEDOK NORTH STREET 1) SINGAPORE 460216,1.32706274205746,103.933217970746
40,511 Bedok North Street 3,Aljunied - Hougang Town Council,511 BEDOK NORTH STREET 3 KAKI BUKIT 511 MARKET AND FOOD CENTRE SINGAPORE 460511,1.33321993297265,103.930581522776
41,Blk 538 Bedok North Street 3,Aljunied - Hougang Town Council,538 BEDOK NORTH STREET 3 MARKET & HAWKER CENTRE (BLK 538 BEDOK NORTH STREET 3) SINGAPORE 460538,1.3320672771228,103.924621314971
42,85 Bedok North Street 4,East Coast Town Council,85 BEDOK NORTH STREET 4 FENGSHAN CENTRE SINGAPORE 460085,1.33200482399436,103.93876843919
43,630 Bedok Reservoir Road,Aljunied - Hougang Town Council,630 BEDOK RESERVOIR ROAD PASAR MAKAN @ RESERVOIR SINGAPORE 470630,1.33277279217212,103.914190840298
44,Blk 16 Bedok South Road,East Coast Town Council,16 BEDOK SOUTH ROAD MARKET & HAWKER CENTRE (BLK 16 BEDOK SOUTH ROAD ) SINGAPORE 460016,1.32055221938711,103.935539171613
45,29 Bendemeer Road,Jalan Besar Town Council,29 BENDEMEER ROAD BENDEMEER MARKET AND FOOD CENTRE SINGAPORE 330029,1.31921667890113,103.863020922593
46,221A/B Boon Lay Place,West Coast Town Council,221A BOON LAY PLACE BOON LAY PLACE MARKET AND FOOD VILLAGE SINGAPORE 641221,1.34522406568893,103.712800680774
47,Bukit Merah Food Centre,Tanjong Pagar Town Council,163 BUKIT MERAH CENTRAL BUKIT MERAH CENTRAL FOOD CENTRE SINGAPORE 150163,1.28370220959751,103.816949612508
48,Blk 115 Bukit Merah View,Tanjong Pagar Town Council,115 BUKIT MERAH VIEW MARKET & HAWKER CENTRE (BLK 115 BUKIT MERAH VIEW) SINGAPORE 151115,1.28550445567433,103.821823256087
49,Blks 2 & 3 Changi Village Road,East Coast Town Council,2 CHANGI VILLAGE ROAD MARKET & HAWKER CENTRE (BLKS 2 & 3 CHANGI VILLAGE ROAD) SINGAPORE 500002,1.3891516485857,103.988245247726
50,Chinatown Market,Jalan Besar Town Council,335 SMITH STREET CHINATOWN COMPLEX MARKET SINGAPORE 050335,1.28223521144332,103.843177640795
51,Chong Pang Market,Nee Soon Town Council,104 YISHUN RING ROAD CHONG PANG MARKET & FOOD CENTRE SINGAPORE 760104,1.43144775158984,103.828537671885
52,Blks 79/79A Circuit Road,Marine Parade Town Council,79 CIRCUIT ROAD HAWKER CENTRE (BLKS 79/79A CIRCUIT ROAD) SINGAPORE 370079,1.3265970672963,103.885052285736
53,80 Circuit Road,Marine Parade Town Council,80 CIRCUIT ROAD CIRCUIT ROAD MARKET AND FOOD CENTRE SINGAPORE 370080,1.32783414615937,103.887102669236
54,Blk 89 Circuit Road,Marine Parade Town Council,89 CIRCUIT ROAD MARKET & HAWKER CENTRE (BLK 89 CIRCUIT ROAD) SINGAPORE 370089,1.32357971400582,103.885438842474
55,Blk 353 Clementi Ave 2,Jurong - Clementi Town Council,353 CLEMENTI AVENUE 2 MARKET & HAWKER CENTRE (BLK 353 CLEMENTI AVE 2) SINGAPORE 120353,1.31437917978956,103.770919561136
56,Blk 448 Clementi Ave 3,Jurong - Clementi Town Council,448 CLEMENTI AVENUE 3 MARKET & HAWKER CENTRE (BLK 448 CLEMENTI AVENUE 3) SINGAPORE 120448,1.31331969319644,103.764517192874
57,Blk 726 Clementi West Street 2,West Coast Town Council,726 CLEMENTI WEST STREET 2 MARKET & HAWKER CENTRE (BLK 726 CLEMENTI WEST STREET 2) SINGAPORE 120726,1.30381073184127,103.764250748436
58,Empress Road Market and Food Centre,Holland - Bukit Panjang Town Council,7 EMPRESS ROAD EMPRESS ROAD MARKET AND FOOD CENTRE SINGAPORE 260007,1.31624052960518,103.805636700397
59,Blk 4A Eunos Crescent,Marine Parade Town Council,4A EUNOS CRESCENT MARKET & HAWKER CENTRE (BLK 4A EUNOS CRESCENT) SINGAPORE 402004,1.32033126010096,103.904256478426
60,69 Geylang Bahru,Jalan Besar Town Council,69 GEYLANG BAHRU GEYLANG BAHRU MARKET AND FOOD CENTRE SINGAPORE 330069,1.32146311046779,103.870005014547
61,Blk 20 Ghim Moh Road,Holland - Bukit Panjang Town Council,20 GHIM MOH ROAD MARKET & HAWKER CENTRE (BLK 20 GHIM MOH ROAD) SINGAPORE 270020,1.31099663218896,103.78823030662
62,Blks 13/14 Haig Road,Marine Parade Town Council,13 HAIG ROAD MARKET & HAWKER CENTRE (BLKS 13/14 HAIG ROAD) SINGAPORE 430013,1.31514204972284,103.895609544204
63,22A Havelock Road,Jalan Besar Town Council,22A HAVELOCK ROAD HAVELOCK ROAD COOKED FOOD CENTRE SINGAPORE 161022,1.28797051657173,103.829623413554
64,44 Holland Drive,Tanjong Pagar Town Council,44 HOLLAND DRIVE HOLLAND DRIVE MARKET AND FOOD CENTRE SINGAPORE 270044,1.30811780015992,103.792773769341
65,Hong Lim Market & Food Centre,Jalan Besar Town Council,531A UPPER CROSS STREET HONG LIM FOOD CENTRE AND MARKET SINGAPORE 051531,1.28532379322674,103.845776735598
66,105 Hougang Ave 1,Aljunied - Hougang Town Council,105 HOUGANG AVENUE 1 HOUGANG 105 HAINANESE VILLAGE CENTRE SINGAPORE 530105,1.35408273910145,103.890130407955
67,4A Jalan Batu,Marine Parade Town Council,4A JALAN BATU JALAN BATU HAWKER CENTRE SINGAPORE 432004,1.30236034827101,103.883909473726
68,Blk 112 Jalan Bukit Merah,Tanjong Pagar Town Council,112 JALAN BUKIT MERAH MARKET & HAWKER CENTRE (BLK 112 JALAN BUKIT MERAH) SINGAPORE 160112,1.28000480135122,103.82601329621
69,Blk 1 Jalan Kukoh,Jalan Besar Town Council,1 JALAN KUKOH HAWKER CENTRE (BLK 1 JALAN KUKOH) SINGAPORE 161001,1.2882310152805,103.839934168065
70,347 Jurong East Ave 1,Jurong - Clementi Town Council,347 JURONG EAST AVENUE 1 YUHUA MARKET AND HAWKER CENTRE SINGAPORE 600347,1.34531253284138,103.731579765339
71,254 Jurong East Street 24,Jurong - Clementi Town Council,254 JURONG EAST STREET 24 YUHUA VILLAGE MARKET AND FOOD CENTRE SINGAPORE 600254,1.34348818520494,103.73773841183
72,Blk 505 Jurong West Street 52,Jurong - Clementi Town Council,505 JURONG WEST STREET 52 MARKET & HAWKER CENTRE (BLK 505 JURONG WEST STREET 52) SINGAPORE 640505,1.34965729130746,103.718443677825
73,Kovan Market & Food Centre,Aljunied - Hougang Town Council,209 HOUGANG STREET 21 KOVAN HOUGANG MARKET AND FOOD CENTRE SINGAPORE 530209,1.35908384091048,103.886055368064
74,84 Marine Parade Central,Marine Parade Town Council,84 MARINE PARADE CENTRAL MARINE PARADE CENTRAL MARKET AND FOOD CENTRE SINGAPORE 440084,1.30228520968842,103.906288669909
75,Blk 50A Marine Terrace,Marine Parade Town Council,50A MARINE TERRACE MARKET & HAWKER CENTRE (BLK 50A MARINE TERRACE) SINGAPORE 441050,1.30572973591916,103.915737035334
76,Blks 20/21 Marsiling Lane,Marsiling - Yew Tee Town Council,21 MARSILING LANE MARKET & HAWKER CENTRE (BLKS 20/21 MARSILING LANE) SINGAPORE 730021,1.44383165244262,103.777210383669
77,Blk 159 Mei Chin Road,Tanjong Pagar Town Council,159 MEI CHIN ROAD BLK 139 MEI CHIN ROAD SINGAPORE 140159,1.29323624443735,103.802903871889
78,Blk 58 New Upper Changi Road,East Coast Town Council,58 NEW UPPER CHANGI ROAD MARKET & HAWKER CENTRE (BLK 58 NEW UPPER CHANGI ROAD) SINGAPORE 461058,1.32420087334002,103.941125277547
79,Blk 208B New Upper Changi Road,East Coast Town Council,208B NEW UPPER CHANGI ROAD HAWKER CENTRE (BLK 208B NEW UPPER CHANGI ROAD) SINGAPORE 462208,1.32478236985627,103.930570304559
80,51 Old Airport Road Food Centre,Marine Parade Town Council,51 OLD AIRPORT ROAD 51 OLD AIRPORT ROAD FOOD CENTRE AND SHOPPING MALL SINGAPORE 390051,1.3082518471287,103.88580870609
81,Pek Kio Market & Food Centre,Tanjong Pagar Town Council,41A CAMBRIDGE ROAD PEK KIO MARKET & FOOD CENTRE SINGAPORE 211041,1.31613128029458,103.850232935162
82,People's Park Food Centre,Jalan Besar Town Council,32 NEW MARKET ROAD DBS PEOPLE'S PARK COMPLEX FOOD CENTRE SINGAPORE 050032,1.2848558843058,103.842599920236
83,79 Redhill Lane,Tanjong Pagar Town Council,79 REDHILL LANE REDHILL MARKET SINGAPORE 150079,1.28784317298064,103.818352097299
84,85 Redhill Lane,Tanjong Pagar Town Council,85 REDHILL LANE REDHILL FOOD CENTRE SINGAPORE 150085,1.28730751501552,103.818311195307
85,Blk 320 Shunfu Road,Bishan - Toa Payoh Town Council,320 SHUNFU ROAD MARKET & HAWKER CENTRE (BLK 320 SHUNFU ROAD) SINGAPORE 570320,1.35200745401591,103.837031862103
86,49 Sims Place,Jalan Besar Town Council,49 SIMS PLACE SIMS VISTA MARKET AND FOOD CENTRE SINGAPORE 380049,1.31703502375324,103.879309854774
87,137 Tampines Street 11,Tampines Town Council,137 TAMPINES STREET 11 TAMPINES ROUND MARKET AND FOOD CENTRE SINGAPORE 521137,1.34537347373749,103.944629422828
88,Blk 6 Tanjong Pagar Plaza,Tanjong Pagar Town Council,6 TANJONG PAGAR PLAZA MARKET & HAWKER CENTRE (BLK 6 TANJONG PAGAR PLAZA) SINGAPORE 081006,1.27661464758769,103.843167023188
89,37A Teban Gardens Road,West Coast Town Council,37A TEBAN GARDENS ROAD TEBAN GARDENS MARKET AND FOOD CENTRE SINGAPORE 601037,1.32083109341424,103.742748119105
90,Tekka Market,Tanjong Pagar Town Council,661 BUFFALO ROAD ZHUJIAO CENTRE (TEKKA MARKET) SINGAPORE 210661,1.30671098278725,103.85013440636
91,Blk 11 Telok Blangah Crescent,Tanjong Pagar Town Council,11 TELOK BLANGAH CRESCENT MARKET & HAWKER CENTRE (BLK 11 TELOK BLANGAH CRESCENT) SINGAPORE 090011,1.27736813225761,103.818651524334
92,Telok Blangah Food Centre,West Coast Town Council,79 TELOK BLANGAH DRIVE TELOK BLANGAH FOOD CENTRE SINGAPORE 100079,1.27335599353959,103.807618129935
93,Telok Blangah Market,West Coast Town Council,11 TELOK BLANGAH CRESCENT MARKET & HAWKER CENTRE (BLK 11 TELOK BLANGAH CRESCENT) SINGAPORE 090011,1.27736813225761,103.818651524334
94,Telok Blangah Rise Market,Tanjong Pagar Town Council,36 TELOK BLANGAH RISE TELOK BLANGAH RISE MARKET SINGAPORE 090036,1.27276128570286,103.822363542256
95,Toa Payoh West Market and Food Court,Bishan - Toa Payoh Town Council,127 LORONG 1 TOA PAYOH TOA PAYOH WEST MARKET AND FOOD COURT SINGAPORE 310127,1.33810351452112,103.844732726726
96,74 Toa Payoh Lorong 4,Bishan - Toa Payoh Town Council,74 LORONG 4 TOA PAYOH TOA PAYOH VISTA MARKET SINGAPORE 310074,1.3345507487214,103.852003509176
97,Blk 93 Toa Payoh Lorong 4,Bishan - Toa Payoh Town Council,93 LORONG 4 TOA PAYOH MARKET & HAWKER CENTRE (BLK 93 TOA PAYOH LORONG 4) SINGAPORE 310093,1.33847469611073,103.849513448853
98,Blk 75 Toa Payoh Lorong 5,Bishan - Toa Payoh Town Council,75 LORONG 5 TOA PAYOH HAWKER CENTRE (BLK 75 TOA PAYOH LORONG 5) SINGAPORE 310075,1.336020767662,103.852956988062
99,22 Toa Payoh Lorong 7,Bishan - Toa Payoh Town Council,22 LORONG 7 TOA PAYOH KIM KEAT PALM MARKET AND FOOD CENTRE SINGAPORE 310022,1.33538261333779,103.857003709119
100,Blk 210 Toa Payoh Lorong 8,Bishan - Toa Payoh Town Council,210 LORONG 8 TOA PAYOH MARKET & HAWKER CENTRE (BLK 210 TOA PAYOH LORONG 8 ) SINGAPORE 310210,1.34025208908831,103.854333833433
101,17 Upper Boon Keng Road,Jalan Besar Town Council,17 UPPER BOON KENG ROAD UPPER BOON KENG MARKET AND FOOD CENTRE SINGAPORE 380017,1.31502841514731,103.87162041674
102,502 West Coast Drive,West Coast Town Council,502 WEST COAST DRIVE AYER RAJAH MARKET SINGAPORE 120502,1.31190695723944,103.759128018939
103,Whampoa Drive Makan Place,Jalan Besar Town Council,90 WHAMPOA DRIVE WHAMPOA DRIVE MAKAN PLACE SINGAPORE 320090,1.32306493801159,103.854996183556
104,Ci Yuan Hawker Centre,Fei Siong Social Enterprise Pte Ltd,51 HOUGANG AVENUE 9 CI YUAN HAWKER CENTRE SINGAPORE 538776,1.37542901578859,103.882977997705
105,Bukit Panjang Hawker Centre & Market,FairPrice Group Hawker Centre Pte Ltd,2 BUKIT PANJANG RING ROAD BUKIT PANJANG HAWKER CENTRE SINGAPORE 679947,1.37759742308947,103.772491526747
106,Hawker Centre @ Our Tampines Hub,FairPrice Group Hawker Centre Pte Ltd,1 TAMPINES WALK OUR TAMPINES HUB HAWKER CENTRE SINGAPORE 528523,1.35354740485205,103.940381104547
107,Kampung Admiralty Hawker Centre,FairPrice Group Hawker Centre Pte Ltd,676 WOODLANDS DRIVE 71 KAMPUNG ADMIRALTY HAWKER CENTRE SINGAPORE 730676,1.43991608263415,103.800701203964
108,Yishun Park Hawker Centre,Timbre+ Hawkers Pte Ltd,51 YISHUN AVENUE 11 YISHUN PARK HAWKER CENTRE SINGAPORE 768867,1.42498786287366,103.844747525064
109,Jurong West Hawker Centre,JW 50 Hawker Heritage Pte Ltd,50 JURONG WEST STREET 61 JURONG WEST HAWKER CENTRE SINGAPORE 648202,1.34126410393954,103.697241852189
110,Pasir Ris Central Hawker Centre,FairPrice Group Hawker Centre Pte Ltd,110 PASIR RIS CENTRAL PASIR RIS CENTRAL HAWKER CENTRE SINGAPORE 519641,1.37347252064326,103.951571342467
111,Fernvale Hawker Centre,FairPrice Group Hawker Centre Pte Ltd,21 SENGKANG WEST AVENUE FERNVALE HAWKER CENTRE & MARKET SINGAPORE 797650,1.39165412570696,103.877189699517
112,One Punggol,Timbre+ Hawkers Pte Ltd,1 PUNGGOL DRIVE ONE PUNGGOL SINGAPORE 828629,1.40874764582071,103.905169457582
113,Senja Hawker Centre,FairPrice Group Hawker Centre Pte Ltd,2 SENJA CLOSE SENJA HAWKER CENTRE SINGAPORE 677632,1.38719400415283,103.761083976377
114,Bukit Canberra Hawker Centre,Canopy Hawkers Group Pte Ltd,21 CANBERRA LINK BUKIT CANBERRA HAWKER CENTRE SINGAPORE 756973,1.44884901222355,103.822852017484
