,MALL,ADDRESS,POSTAL,Latitude,Longitude,ROAD_NAME
0,Sun Plaza,30 SEMBAWANG DRIVE SUN PLAZA SINGAPORE 757713,757713,1.448195354,103.8195021,SEMBAWANG DRIVE
1,Orchard Gateway,277 ORCHARD ROAD ORCHARD GATEWAY SINGAPORE 238858,238858,1.300443253,103.8394428,ORCHARD ROAD
2,The Poiz,2 MEYAPPA CHETTIAR ROAD THE POIZ RESIDENCES SINGAPORE 358472,358472,1.332027297,103.8686595,MEYAPPA CHETTIAR ROAD
3,Buangkok Square,991 BUANGKOK LINK BUANGKOK SQUARE SINGAPORE 530991,530991,1.384334266,103.8816231,BUANGKOK LINK
4,NEX,23 SERANGOON CENTRAL NEX SINGAPORE 556083,556083,1.350769353,103.8722961,SERANGOON CENTRAL
5,Woodlands Civic Centre,900 SOUTH WOODLANDS DRIVE WOODLANDS CIVIC CENTRE SINGAPORE 730900,730900,1.435018296,103.7869309,SOUTH WOODLANDS DRIVE
6,Plaza Singapura,68 ORCHARD ROAD PLAZA SINGAPURA SINGAPORE 238839,238839,1.30074771,103.8450476,ORCHARD ROAD
7,Keat Hong Shopping Centre,253 CHOA CHU KANG AVENUE 1 KEAT HONG SHOPPING CENTRE SINGAPORE 680253,680253,1.377366074,103.7443936,CHOA CHU KANG AVENUE 1
8,Rivervale Plaza,118 RIVERVALE DRIVE RIVERVALE PLAZA SINGAPORE 540118,540118,1.385337361,103.901841,RIVERVALE DRIVE
9,Waterway Point,83 PUNGGOL CENTRAL WATERWAY POINT SINGAPORE 828761,828761,1.406484621,103.9021057,PUNGGOL CENTRAL
10,Northpoint City,1 NORTHPOINT DRIVE NORTHPOINT CITY SINGAPORE 768019,768019,1.42790289,103.8361777,NORTHPOINT DRIVE
11,Djitsun Mall Bedok,445 BEDOK NORTH STREET 1 DJITSUN MALL BEDOK SINGAPORE 469661,469661,1.326119703,103.9295545,BEDOK NORTH STREET 1
12,Junction Nine,18 YISHUN AVENUE 9 JUNCTION NINE SINGAPORE 768897,768897,1.43312284,103.841661,YISHUN AVENUE 9
13,Rivervale Mall,11 RIVERVALE CRESCENT RIVERVALE MALL SINGAPORE 545082,545082,1.392197778,103.9044716,RIVERVALE CRESCENT
14,888 Plaza,888 WOODLANDS DRIVE 50 888 PLAZA SINGAPORE 730888,730888,1.437123015,103.7953144,WOODLANDS DRIVE 50
15,Far East Plaza,14 SCOTTS ROAD FAR EAST PLAZA SINGAPORE 228213,228213,1.307176981,103.8337929,SCOTTS ROAD
16,Pioneer Mall,638 JURONG WEST STREET 61 PIONEER MALL SINGAPORE 640638,640638,1.341692392,103.6971748,JURONG WEST STREET 61
17,Admiralty Place,679 WOODLANDS AVENUE 6 ADMIRALTY PLACE SINGAPORE 730679,730679,1.439923451,103.8020153,WOODLANDS AVENUE 6
18,City Gate,371 BEACH ROAD CITY GATE SINGAPORE 199597,199597,1.302315905,103.8623317,BEACH ROAD
19,HillV2,4 HILLVIEW RISE HILLV2 SINGAPORE 667979,667979,1.362674508,103.7641729,HILLVIEW RISE
20,Lucky Plaza,304 ORCHARD ROAD LUCKY PLAZA SINGAPORE 238863,238863,1.304506046,103.8339623,ORCHARD ROAD
21,Sim Lim Square,1 ROCHOR CANAL ROAD SIM LIM SQUARE SINGAPORE 188504,188504,1.303024261,103.8530378,ROCHOR CANAL ROAD
22,Greenwich V,1 SELETAR ROAD GREENWICH V SINGAPORE 807011,807011,1.387395394,103.869136,SELETAR ROAD
23,Alexandra Retail Centre,460 ALEXANDRA ROAD ALEXANDRA RETAIL CENTRE (ARC) SINGAPORE 119963,119963,1.274148936,103.8013994,ALEXANDRA ROAD
24,Zhongshan Mall,20 AH HOOD ROAD ZHONGSHAN MALL SINGAPORE 329984,329984,1.326945045,103.8465544,AH HOOD ROAD
25,Queensway Shopping Centre,1 QUEENSWAY QUEENSWAY SHOPPING CENTRE SINGAPORE 149053,149053,1.287617926,103.8033911,QUEENSWAY
26,HarbourFront Centre,1 MARITIME SQUARE HARBOURFRONT CENTRE SINGAPORE 099253,99253,1.263969912,103.8202433,MARITIME SQUARE
27,The South Beach,38 BEACH ROAD THE SOUTH BEACH SINGAPORE 189767,189767,1.294988044,103.8562762,BEACH ROAD
28,Orchard Plaza,150 ORCHARD ROAD ORCHARD PLAZA SINGAPORE 238841,238841,1.301257294,103.8411501,ORCHARD ROAD
29,Duo,7 FRASER STREET DUO GALLERIA SINGAPORE 189356,189356,1.299534349,103.8584017,FRASER STREET
30,CityLink Mall,1 RAFFLES LINK CITYLINK MALL SINGAPORE 039393,39393,1.292777731,103.8541735,RAFFLES LINK
31,Century Square,2 TAMPINES CENTRAL 5 CENTURY SQUARE SINGAPORE 529509,529509,1.352368296,103.9438123,TAMPINES CENTRAL 5
32,321 Clementi,321 CLEMENTI AVENUE 3 321 CLEMENTI SINGAPORE 129905,129905,1.31200212,103.7649867,CLEMENTI AVENUE 3
33,Katong Shopping Centre,865 MOUNTBATTEN ROAD KATONG SHOPPING CENTRE SINGAPORE 437844,437844,1.304097312,103.9015159,MOUNTBATTEN ROAD
34,Parkway Parade,80 MARINE PARADE ROAD PARKWAY PARADE SINGAPORE 449269,449269,1.301069755,103.9052795,MARINE PARADE ROAD
35,The Centrepoint,176 ORCHARD ROAD THE CENTREPOINT SINGAPORE 238843,238843,1.301978369,103.839759,ORCHARD ROAD
36,Wheelock Place,501 ORCHARD ROAD WHEELOCK PLACE SINGAPORE 238880,238880,1.304676287,103.830642,ORCHARD ROAD
37,Millenia Walk,9 RAFFLES BOULEVARD MILLENIA WALK SINGAPORE 039596,39596,1.292605445,103.8597249,RAFFLES BOULEVARD
38,Hougang 1,1 HOUGANG STREET 91 HOUGANG 1 SINGAPORE 538692,538692,1.375715307,103.8794723,HOUGANG STREET 91
39,Limbang Shopping Centre,534 CHOA CHU KANG STREET 51 LIMBANG SHOPPING CENTRE SINGAPORE 680534,680534,1.392242406,103.743191,CHOA CHU KANG STREET 51
40,myVillage At Serangoon Garden,1 MAJU AVENUE MYVILLAGE AT SERANGOON GARDEN SINGAPORE 556679,556679,1.365114906,103.8651595,MAJU AVENUE
41,People's Park Centre,101 UPPER CROSS STREET PEOPLE'S PARK CENTRE SINGAPORE 058357,58357,1.2857701,103.8439801,UPPER CROSS STREET
42,Junction 10,1 WOODLANDS ROAD JUNCTION 10 SINGAPORE 677899,677899,1.38033681,103.7601679,WOODLANDS ROAD
43,Bedok Mall,311 NEW UPPER CHANGI ROAD BEDOK MALL SINGAPORE 467360,467360,1.324736328,103.9292563,NEW UPPER CHANGI ROAD
44,Singapore Shopping Centre,190 CLEMENCEAU AVENUE SINGAPORE SHOPPING CENTRE SINGAPORE 239924,239924,1.298152654,103.8441113,CLEMENCEAU AVENUE
45,Tanjong Pagar Centre,5 WALLICH STREET TANJONG PAGAR CENTRE SINGAPORE 078883,78883,1.276583607,103.8459363,WALLICH STREET
46,United Square,101 THOMSON ROAD UNITED SQUARE SINGAPORE 307591,307591,1.31719451,103.8436114,THOMSON ROAD
47,HDB Hub,460 LORONG 6 TOA PAYOH HDB HUB SINGAPORE 310460,310460,1.33201387,103.8498495,LORONG 6 TOA PAYOH
48,Marina Bay Sands,1 BAYFRONT AVENUE MARINA BAY SANDS SINGAPORE 018971,18971,1.283454197,103.860809,BAYFRONT AVENUE
49,The Paragon,290 ORCHARD ROAD THE PARAGON SINGAPORE 238859,238859,1.303872309,103.8358575,ORCHARD ROAD
50,Upper Serangoon Shopping Centre,756 UPPER SERANGOON ROAD UPPER SERANGOON SHOPPING CENTRE SINGAPORE 534626,534626,1.353480823,103.8788281,UPPER SERANGOON ROAD
51,GR.iD,1 SELEGIE ROAD GR.ID SINGAPORE 188306,188306,1.300108267,103.8492641,SELEGIE ROAD
52,Northshore Plaza,407 NORTHSHORE DRIVE NORTHSHORE PLAZA I SINGAPORE 820407,820407,1.416761272,103.9020744,NORTHSHORE DRIVE
53,Midpoint Orchard,220 ORCHARD ROAD MIDPOINT ORCHARD SINGAPORE 238852,238852,1.301787785,103.8386598,ORCHARD ROAD
54,Knightsbridge,270 ORCHARD ROAD KNIGHTSBRIDGE SINGAPORE 238857,238857,1.302983123,103.8362839,ORCHARD ROAD
55,Mustafa,145 SYED ALWI ROAD MUSTAFA CENTRE SINGAPORE 207704,207704,1.310112132,103.8552909,SYED ALWI ROAD
56,Fajar Shopping Centre,445 FAJAR ROAD FAJAR SHOPPING CENTRE SINGAPORE 670445,670445,1.383580324,103.7707685,FAJAR ROAD
57,Westgate,3 GATEWAY DRIVE WESTGATE SINGAPORE 608532,608532,1.334157676,103.7427665,GATEWAY DRIVE
58,Rochester Mall,35 ROCHESTER DRIVE ROCHESTER MALL SINGAPORE 138639,138639,1.305407656,103.7884467,ROCHESTER DRIVE
59,Palais Renaissance,390 ORCHARD ROAD PALAIS RENAISSANCE SINGAPORE 238871,238871,1.306654845,103.829588,ORCHARD ROAD
60,The Clementi Mall,3155 COMMONWEALTH AVENUE WEST THE CLEMENTI MALL SINGAPORE 129588,129588,1.314896196,103.7644231,COMMONWEALTH AVENUE WEST
61,Vista Point,548 WOODLANDS DRIVE 44 VISTA POINT SINGAPORE 730548,730548,1.430897146,103.7939274,WOODLANDS DRIVE 44
62,Sunshine Plaza,10 PRINSEP LINK SUNSHINE PLAZA SINGAPORE 187948,187948,1.300467354,103.8505561,PRINSEP LINK
63,Balestier Hill Shopping Centre,1 THOMSON ROAD BALESTIER HILL SHOPPING CENTRE SINGAPORE 300001,300001,1.325595948,103.8425716,THOMSON ROAD
64,Causeway Point,1 WOODLANDS SQUARE CAUSEWAY POINT SINGAPORE 738099,738099,1.436070065,103.7859815,WOODLANDS SQUARE
65,White Sands,1 PASIR RIS CENTRAL STREET 3 WHITE SANDS SINGAPORE 518457,518457,1.372449817,103.9497157,PASIR RIS CENTRAL STREET 3
66,The Seletar Mall,33 SENGKANG WEST AVENUE THE SELETAR MALL SINGAPORE 797653,797653,1.391470154,103.8761255,SENGKANG WEST AVENUE
67,Canberra Plaza,133 CANBERRA VIEW CANBERRA PLAZA SINGAPORE 750133,750133,1.443495445,103.8303454,CANBERRA VIEW
68,Kallang Wave Mall,1 STADIUM PLACE KALLANG WAVE MALL SINGAPORE 397628,397628,1.303075152,103.8731497,STADIUM PLACE
69,i12 Katong,112 EAST COAST ROAD UOB I12 KATONG AUTOLOBBY SINGAPORE 428802,428802,1.305223062,103.9050439,EAST COAST ROAD
70,Cathay Cineleisure Orchard,8 GRANGE ROAD CATHAY CINELEISURE ORCHARD SINGAPORE 239695,239695,1.301521019,103.8364297,GRANGE ROAD
71,The Rail Mall,380 UPPER BUKIT TIMAH ROAD THE RAIL MALL SINGAPORE 678040,678040,1.357730502,103.7681377,UPPER BUKIT TIMAH ROAD
72,Rail Mall,380 UPPER BUKIT TIMAH ROAD THE RAIL MALL SINGAPORE 678040,678040,1.357730502,103.7681377,UPPER BUKIT TIMAH ROAD
73,Fairprice Hub,1 JOO KOON CIRCLE FAIRPRICE HUB SINGAPORE 629117,629117,1.325617678,103.6784097,JOO KOON CIRCLE
74,Scotts Square,6 SCOTTS ROAD SCOTTS SQUARE SINGAPORE 228209,228209,1.30579943,103.8330747,SCOTTS ROAD
75,Grantral Mall,3151 COMMONWEALTH AVENUE WEST GRANTRAL MALL @ CLEMENTI SINGAPORE 129581,129581,1.314270439,103.7651475,COMMONWEALTH AVENUE WEST
76,Sunshine Place,475 CHOA CHU KANG AVENUE 3 SUNSHINE PLACE SINGAPORE 680475,680475,1.377897276,103.7390155,CHOA CHU KANG AVENUE 3
77,Anchorpoint,368 ALEXANDRA ROAD ANCHORPOINT SHOPPING CENTRE SINGAPORE 159952,159952,1.28893478,103.8056078,ALEXANDRA ROAD
78,City Square Mall,180 KITCHENER ROAD CITY SQUARE MALL SINGAPORE 208539,208539,1.311421031,103.856624,KITCHENER ROAD
79,Yew Tee Square,622 CHOA CHU KANG STREET 62 YEW TEE SQUARE SINGAPORE 680622,680622,1.398369427,103.7471885,CHOA CHU KANG STREET 62
80,Thomson Plaza,4 MARIGOLD DRIVE THOMSON PLAZA SINGAPORE 576385,576385,1.354362827,103.8303094,MARIGOLD DRIVE
81,Our Tampines Hub,1 TAMPINES WALK OUR TAMPINES HUB SINGAPORE 528523,528523,1.353133598,103.9404081,TAMPINES WALK
82,Jewel Changi Airport,78 AIRPORT BOULEVARD JEWEL CHANGI AIRPORT SINGAPORE 819666,819666,1.360341007,103.9890776,AIRPORT BOULEVARD
83,City Plaza,810 GEYLANG ROAD CITY PLAZA SINGAPORE 409286,409286,1.314786897,103.8934721,GEYLANG ROAD
84,AMK Hub,55 ANG MO KIO AVENUE 3 AMK HUB SINGAPORE 569934,569934,1.369389227,103.848478,ANG MO KIO AVENUE 3
85,Alexandra Central,321 ALEXANDRA ROAD ALEXANDRA CENTRAL SINGAPORE 159971,159971,1.287283209,103.8052834,ALEXANDRA ROAD
86,Marina Square,6 RAFFLES BOULEVARD MARINA SQUARE SINGAPORE 039594,39594,1.291855333,103.8585781,RAFFLES BOULEVARD
87,Hougang Green Shopping Mall,21 HOUGANG STREET 51 HOUGANG GREEN SHOPPING MALL SINGAPORE 538719,538719,1.379245291,103.887832,HOUGANG STREET 51
88,Wisma Atria,435 ORCHARD ROAD WISMA ATRIA SINGAPORE 238877,238877,1.303704774,103.8332058,ORCHARD ROAD
89,100 AM,100 TRAS STREET 100 AM SINGAPORE 079027,79027,1.274588218,103.8434707,TRAS STREET
90,Jurong Point,1 JURONG WEST CENTRAL 2 JURONG POINT SINGAPORE 648886,648886,1.339452717,103.706685,JURONG WEST CENTRAL 2
91,West Coast Plaza,154 WEST COAST ROAD WEST COAST PLAZA SINGAPORE 127371,127371,1.30369749,103.7661313,WEST COAST ROAD
92,Liat Towers,541 ORCHARD ROAD LIAT TOWERS SINGAPORE 238881,238881,1.305087227,103.8307226,ORCHARD ROAD
93,Great World City,1 KIM SENG PROMENADE GREAT WORLD CITY SINGAPORE 237994,237994,1.293422727,103.8320221,KIM SENG PROMENADE
94,Changi City Point,5 CHANGI BUSINESS PARK CENTRAL 1 CHANGI CITY POINT SINGAPORE 486038,486038,1.334036379,103.9629176,CHANGI BUSINESS PARK CENTRAL 1
95,Marsiling Mall,4 WOODLANDS STREET 12 MARSILING MALL HAWKER CENTRE SINGAPORE 738623,738623,1.433543181,103.7798819,WOODLANDS STREET 12
96,Bugis Junction,200 VICTORIA STREET BUGIS JUNCTION SINGAPORE 188021,188021,1.299112875,103.8554112,VICTORIA STREET
97,The Shoppes at Marina Bay Sands,2A BAYFRONT AVENUE THE SHOPPES AT MARINA BAY SANDS SINGAPORE 018958,18958,1.28423496,103.8589823,BAYFRONT AVENUE
98,Sembawang Shopping Centre,604 SEMBAWANG ROAD SEMBAWANG SHOPPING CENTRE SINGAPORE 758459,758459,1.441824707,103.8248452,SEMBAWANG ROAD
99,Junction 8,9 BISHAN PLACE JUNCTION 8 SINGAPORE 579837,579837,1.350481253,103.8487605,BISHAN PLACE
100,Singpost Centre,10 EUNOS ROAD 8 SINGAPORE POST CENTRE SINGAPORE 408600,408600,1.318996669,103.8948949,EUNOS ROAD 8
101,Heartland Mall,205 HOUGANG STREET 21 CITIBANK HEARTLAND MALL SINGAPORE 530205,530205,1.359541773,103.8851674,HOUGANG STREET 21
102,Bugis+,162B ROCHOR ROAD BUGIS BACKPACKERS HOSTEL SINGAPORE 188437,188437,1.300951715,103.8551726,ROCHOR ROAD
103,Tiong Bahru Plaza,302 TIONG BAHRU ROAD TIONG BAHRU PLAZA SINGAPORE 168732,168732,1.286458895,103.8270153,TIONG BAHRU ROAD
104,Paya Lebar Square,60 PAYA LEBAR ROAD PAYA LEBAR SQUARE SINGAPORE 409051,409051,1.31881487,103.8925808,PAYA LEBAR ROAD
105,Gek Poh Shopping Centre,762 JURONG WEST STREET 75 GEK POH SHOPPING CENTRE SINGAPORE 640762,640762,1.348743571,103.6977321,JURONG WEST STREET 75
106,Downtown East,1 PASIR RIS CLOSE DOWNTOWN EAST SINGAPORE 519599,519599,1.376914125,103.9550367,PASIR RIS CLOSE
107,Aperia,12 KALLANG AVENUE APERIA SINGAPORE 339511,339511,1.309711207,103.8643264,KALLANG AVENUE
108,Hillion Mall,17 PETIR ROAD HILLION MALL SINGAPORE 678278,678278,1.378431008,103.7628428,PETIR ROAD
109,Jem,50 JURONG GATEWAY ROAD JEM SINGAPORE 608549,608549,1.333293345,103.7432787,JURONG GATEWAY ROAD
110,Pasir Ris West Plaza,734 PASIR RIS STREET 72 PASIR RIS WEST PLAZA SINGAPORE 510734,510734,1.379767543,103.9362076,PASIR RIS STREET 72
111,Eastpoint Mall,3 SIMEI STREET 6 EASTPOINT MALL SINGAPORE 528833,528833,1.342705924,103.9530246,SIMEI STREET 6
112,Hougang Mall,90 HOUGANG AVENUE 10 HOUGANG MALL SINGAPORE 538766,538766,1.372494938,103.8937756,HOUGANG AVENUE 10
113,Marina Bay Link Mall,8A MARINA BOULEVARD MARINA BAY LINK MALL SINGAPORE 018984,18984,1.280238254,103.8533697,MARINA BOULEVARD
114,Bukit Panjang Plaza,1 JELEBU ROAD BUKIT PANJANG PLAZA SINGAPORE 677743,677743,1.379920452,103.7643572,JELEBU ROAD
115,Shaw House,350 ORCHARD ROAD SHAW HOUSE SINGAPORE 238868,238868,1.305809816,103.8315074,ORCHARD ROAD
116,Raffles City,250 NORTH BRIDGE ROAD RAFFLES CITY TOWER SINGAPORE 179101,179101,1.29397671,103.8533336,NORTH BRIDGE ROAD
117,Katong Square,88 EAST COAST ROAD KATONG SQUARE SINGAPORE 423371,423371,1.304776839,103.9046177,EAST COAST ROAD
118,Greenridge Shopping Centre,524A JELAPANG ROAD GREENRIDGE SHOPPING CENTRE SINGAPORE 671524,671524,1.385405693,103.7662285,JELAPANG ROAD
119,Beauty World Plaza,140 UPPER BUKIT TIMAH ROAD BEAUTY WORLD PLAZA SINGAPORE 588176,588176,1.341800186,103.7762594,UPPER BUKIT TIMAH ROAD
120,Tampines Mall,4 TAMPINES CENTRAL 5 TAMPINES MALL SINGAPORE 529510,529510,1.352527373,103.9446988,TAMPINES CENTRAL 5
121,Bukit Timah Plaza,1 JALAN ANAK BUKIT BUKIT TIMAH PLAZA SINGAPORE 588996,588996,1.338759307,103.7786001,JALAN ANAK BUKIT
122,Woodlands North Plaza,883 WOODLANDS STREET 82 WOODLANDS NORTH PLAZA SINGAPORE 730883,730883,1.442753343,103.790548,WOODLANDS STREET 82
123,Holland Road Shopping,211 HOLLAND AVENUE HOLLAND ROAD SHOPPING CENTRE SINGAPORE 278967,278967,1.310277476,103.7953712,HOLLAND AVENUE
124,Velocity@Novena Square,238 THOMSON ROAD VELOCITY @ NOVENA SQUARE SINGAPORE 307683,307683,1.319789492,103.8440336,THOMSON ROAD
125,313@Somerset,313 ORCHARD ROAD UOB 313@SOMERSET SINGAPORE 238895,238895,1.301385102,103.8376844,ORCHARD ROAD
126,Tampines 1,TAMPINES INDUSTRIAL AVENUE 1,NIL,1.354298462,103.9253974,TAMPINES INDUSTRIAL AVENUE 1
127,Yew Tee Point,21 CHOA CHU KANG NORTH 6 DBS NTUC YEW TEE POINT SINGAPORE 689578,689578,1.397084324,103.746598,CHOA CHU KANG NORTH 6
128,Square 2,10 SINARAN DRIVE SQUARE 2 SINGAPORE 307506,307506,1.32070511,103.8441607,SINARAN DRIVE
129,Elias Mall,623 ELIAS ROAD ELIAS MALL SINGAPORE 510623,510623,1.377828766,103.9423643,ELIAS ROAD
130,Sengkang Grand Mall,11 SENGKANG CENTRAL SENGKANG GRAND MALL SINGAPORE 544575,544575,1.383189163,103.8923776,SENGKANG CENTRAL
131,Teck Whye Shopping Centre,137 TECK WHYE LANE TECK WHYE SHOPPING CENTRE SINGAPORE 680137,680137,1.38004753,103.7524838,TECK WHYE LANE
132,The Central,6 EU TONG SEN STREET THE CENTRAL SINGAPORE 059817,59817,1.288838562,103.846558,EU TONG SEN STREET
133,Paya Lebar Quarter,PAYA LEBAR QUARTER,NIL,1.316173837,103.893139,NIL
134,Loyang Point,258 PASIR RIS STREET 21 LOYANG POINT SINGAPORE 510258,510258,1.367073575,103.9646322,PASIR RIS STREET 21
135,Woodlands Mart,768 WOODLANDS AVENUE 6 WOODLANDS MART SINGAPORE 730768,730768,1.445622907,103.798141,WOODLANDS AVENUE 6
136,Ngee Ann City,391 ORCHARD ROAD NGEE ANN CITY SINGAPORE 238872,238872,1.302241685,103.8351819,ORCHARD ROAD
137,Broadway Plaza,4190 ANG MO KIO AVENUE 6 BROADWAY PLAZA SINGAPORE 569841,569841,1.371937291,103.8459494,ANG MO KIO AVENUE 6
138,Lot One,"21 CHOA CHU KANG AVENUE 4 LOT ONE, SHOPPERS' MALL SINGAPORE 689812",689812,1.384974597,103.7450118,CHOA CHU KANG AVENUE 4
139,Wisteria Mall,598 YISHUN RING ROAD WISTERIA MALL SINGAPORE 768698,768698,1.417952885,103.8412688,YISHUN RING ROAD
140,Funan,107 NORTH BRIDGE ROAD FUNAN SINGAPORE 179105,179105,1.291244006,103.8499848,NORTH BRIDGE ROAD
141,Bugis Cube,470 NORTH BRIDGE ROAD BUGIS CUBE SINGAPORE 188735,188735,1.298140834,103.8556353,NORTH BRIDGE ROAD
142,Thomson V,9 SIN MING ROAD THOMSON V ONE SINGAPORE 575630,575630,1.353194953,103.8355647,SIN MING ROAD
143,Leisure Park Kallang,5 STADIUM WALK LEISURE PARK KALLANG SINGAPORE 397693,397693,1.302301084,103.876474,STADIUM WALK
144,Orchard Central,181 ORCHARD ROAD ORCHARD CENTRAL SINGAPORE 238896,238896,1.300838908,103.8394347,ORCHARD ROAD
145,West Mall,1 BUKIT BATOK CENTRAL LINK WEST MALL SINGAPORE 658713,658713,1.35001921,103.7492448,BUKIT BATOK CENTRAL LINK
146,Suntec City,1 RAFFLES BOULEVARD SUNTEC CITY MALL SINGAPORE 039593,39593,1.293501325,103.8573075,RAFFLES BOULEVARD
147,People's Park Complex,1 PARK ROAD PEOPLE'S PARK COMPLEX SINGAPORE 059108,59108,1.284133972,103.84252,PARK ROAD
148,Tekka Centre,661 BUFFALO ROAD ZHUJIAO CENTRE (TEKKA MARKET) SINGAPORE 210661,210661,1.306710983,103.8501344,BUFFALO ROAD
149,VivoCity,1 HARBOURFRONT WALK VIVOCITY SINGAPORE 098585,98585,1.264293168,103.8223047,HARBOURFRONT WALK
150,Capitol Piazza,13 STAMFORD ROAD CAPITOL PIAZZA SINGAPORE 178905,178905,1.293078848,103.851262,STAMFORD ROAD
151,Roxy Square,50 EAST COAST ROAD ROXY SQUARE SINGAPORE 428769,428769,1.304325999,103.9040511,EAST COAST ROAD
152,Tanglin Mall,163 TANGLIN ROAD TANGLIN MALL SINGAPORE 247933,247933,1.304843442,103.8238528,TANGLIN ROAD
153,Beauty World Centre,144 UPPER BUKIT TIMAH ROAD BEAUTY WORLD CENTRE SINGAPORE 588177,588177,1.342412642,103.7765394,UPPER BUKIT TIMAH ROAD
154,The Adelphi,1 COLEMAN STREET THE ADELPHI SINGAPORE 179803,179803,1.291185037,103.8511843,COLEMAN STREET
155,Taman Jurong Shopping Centre,399 YUNG SHENG ROAD TAMAN JURONG SHOPPING CENTRE SINGAPORE 610399,610399,1.334844874,103.720462,YUNG SHENG ROAD
156,Oasis Terraces,681 PUNGGOL DRIVE OASIS TERRACES SINGAPORE 820681,820681,1.402780157,103.9132151,PUNGGOL DRIVE
157,ION Orchard,2 ORCHARD TURN ION ORCHARD SINGAPORE 238801,238801,1.303979741,103.8320323,ORCHARD TURN
158,Jubilee Square,61 ANG MO KIO AVENUE 8 JUBILEE SQUARE SINGAPORE 569814,569814,1.371785586,103.8478376,ANG MO KIO AVENUE 8
159,Compass One,1 SENGKANG SQUARE COMPASS ONE SINGAPORE 545078,545078,1.392053142,103.8950705,SENGKANG SQUARE
160,The Star Vista,1 VISTA EXCHANGE GREEN THE STAR VISTA SINGAPORE 138617,138617,1.30697044,103.7884203,VISTA EXCHANGE GREEN
161,IMM,2 JURONG EAST STREET 21 IMM BUILDING SINGAPORE 609601,609601,1.334875261,103.7468948,JURONG EAST STREET 21
162,Boon Lay Shopping Centre,221 BOON LAY PLACE BOON LAY SHOPPING CENTRE SINGAPORE 640221,640221,1.346335525,103.7124304,BOON LAY PLACE
163,KINEX,11 TANJONG KATONG ROAD KINEX SINGAPORE 437157,437157,1.314618499,103.894738,TANJONG KATONG ROAD
164,Punggol Plaza,168 PUNGGOL FIELD PUNGGOL PLAZA SINGAPORE 820168,820168,1.394237197,103.9130473,PUNGGOL FIELD
