,STATION_NAME,STATION_NO,COLOR,Latitude,Longitude
0,ADMIRALTY MRT STATION,NS10,RED,1.440585001,103.8009982
1,ALJUNIED MRT STATION,EW9,GREEN,1.316432612,103.882893
2,ANG MO KIO MRT STATION,NS16,RED,1.369933175,103.8495535
3,BAKAU LRT STATION,SE3,OTHERS,1.388092704,103.9054179
4,BANGKIT LRT STATION,BP9,OTHERS,1.380017897,103.7726667
5,BARTLEY MRT STATION,CC12,YELLOW,1.342828338,103.8797462
6,BAYFRONT MRT STATION,DT16,BLUE,1.281873788,103.8590733
7,BAYFRONT MRT STATION,CE1,OTHERS,1.281873788,103.8590733
8,BEAUTY WORLD MRT STATION,DT5,BLUE,1.341223176,103.77581
9,BEDOK MRT STATION,EW5,GREEN,1.323979969,103.9299587
10,BEDOK NORTH MRT STATION,DT29,BLUE,1.334742117,103.9179554
11,BEDOK RESERVOIR MRT STATION,DT30,BLUE,1.33660783,103.9322077
12,BENCOOLEN MRT STATION,DT21,BLUE,1.29886427,103.8503799
13,BENDEMEER MRT STATION,DT23,BLUE,1.313672233,103.8629702
14,BISHAN MRT STATION,CC15,YELLOW,1.35130868,103.84915
15,BISHAN MRT STATION,NS17,RED,1.350838988,103.8481398
16,BOON KENG MRT STATION,NE9,PURPLE,1.319395706,103.861679
17,BOON LAY MRT STATION,EW27,GREEN,1.338604054,103.7060994
18,BOTANIC GARDENS MRT STATION,DT9,BLUE,1.322423979,103.8161362
19,BOTANIC GARDENS MRT STATION,CC19,YELLOW,1.322110193,103.8149876
20,BRADDELL MRT STATION,NS18,RED,1.340471684,103.8467942
21,BRAS BASAH MRT STATION,CC2,YELLOW,1.296861687,103.8506629
22,BUANGKOK MRT STATION,NE15,PURPLE,1.382877858,103.8931042
23,BUGIS MRT STATION,DT14,BLUE,1.299550746,103.8568623
24,BUGIS MRT STATION,EW12,GREEN,1.300465076,103.8557007
25,BUKIT BATOK MRT STATION,NS2,RED,1.349034109,103.74959
26,BUKIT BROWN MRT STATION,CC18,YELLOW,1.333728882,103.8306903
27,BUKIT GOMBAK MRT STATION,NS3,RED,1.358761857,103.7519164
28,BUKIT PANJANG LRT STATION,BP6,OTHERS,1.377909898,103.763034
29,BUKIT PANJANG MRT STATION,DT1,BLUE,1.379002117,103.7615559
30,BUONA VISTA MRT STATION,EW21,GREEN,1.307183467,103.7902028
31,BUONA VISTA MRT STATION,CC22,YELLOW,1.306491669,103.7906645
32,CALDECOTT MRT STATION,CC17,YELLOW,1.337674508,103.8395281
33,CASHEW MRT STATION,DT2,BLUE,1.369369831,103.764714
34,CHANGI AIRPORT MRT STATION,CG2,OTHERS,1.357314545,103.9883212
35,CHENG LIM LRT STATION,SW1,OTHERS,1.396277631,103.8937792
36,CHINATOWN MRT STATION,NE4,PURPLE,1.284359578,103.8434242
37,CHINATOWN MRT STATION,DT19,BLUE,1.284748969,103.8444484
38,CHINESE GARDEN MRT STATION,EW25,GREEN,1.342352821,103.7326244
39,CHOA CHU KANG LRT STATION,BP1,OTHERS,1.38483636,103.7445797
40,CHOA CHU KANG MRT STATION,NS4,RED,1.385361693,103.744367
41,CITY HALL MRT STATION,EW13,GREEN,1.292936243,103.852581
42,CITY HALL MRT STATION,NS25,RED,1.292936243,103.852581
43,CLARKE QUAY MRT STATION,NE5,PURPLE,1.288386024,103.8465519
44,CLEMENTI MRT STATION,EW23,GREEN,1.314954492,103.7653168
45,COMMONWEALTH MRT STATION,EW20,GREEN,1.302438735,103.7983136
46,COMPASSVALE LRT STATION,SE1,OTHERS,1.394493046,103.9004726
47,CORAL EDGE LRT STATION,PE3,OTHERS,1.393909226,103.9125574
48,COVE LRT STATION,PE1,OTHERS,1.399281985,103.9059403
49,DAKOTA MRT STATION,CC8,YELLOW,1.30838264,103.888648
50,DAMAI LRT STATION,PE7,OTHERS,1.405234836,103.9085809
51,DHOBY GHAUT MRT STATION,NS24,RED,1.298701307,103.8461119
52,DHOBY GHAUT MRT STATION,NE6,PURPLE,1.299705459,103.8454851
53,DHOBY GHAUT MRT STATION,CC1,YELLOW,1.298842816,103.8462358
54,DOVER MRT STATION,EW22,GREEN,1.311405293,103.7786522
55,DOWNTOWN MRT STATION,DT17,BLUE,1.27944619,103.8528356
56,ESPLANADE MRT STATION,CC3,YELLOW,1.293321608,103.8554985
57,EUNOS MRT STATION,EW7,GREEN,1.319778952,103.9032339
58,EXPO MRT STATION,CG1,OTHERS,1.334549778,103.9615134
59,EXPO MRT STATION,DT35,BLUE,1.335382137,103.9623407
60,FAJAR LRT STATION,BP10,OTHERS,1.384520796,103.7708268
61,FARMWAY LRT STATION,SW2,OTHERS,1.397170196,103.8892882
62,FARRER PARK MRT STATION,NE8,PURPLE,1.31235984,103.8541717
63,FARRER ROAD MRT STATION,CC20,YELLOW,1.317510612,103.8075929
64,FERNVALE LRT STATION,SW5,OTHERS,1.391885888,103.8762959
65,FORT CANNING MRT STATION,DT20,BLUE,1.292478928,103.8443255
66,GEYLANG BAHRU MRT STATION,DT24,BLUE,1.321505838,103.8718904
67,GUL CIRCLE MRT STATION,EW30,GREEN,1.319505215,103.6605988
68,HARBOURFRONT MRT STATION,NE1,PURPLE,1.26547264,103.821446
69,HARBOURFRONT MRT STATION,CC29,YELLOW,1.26547264,103.821446
70,HAW PAR VILLA MRT STATION,CC25,YELLOW,1.282542157,103.7818234
71,HILLVIEW MRT STATION,DT3,BLUE,1.362344869,103.7674369
72,HOLLAND VILLAGE MRT STATION,CC21,YELLOW,1.31183479,103.7962016
73,HOUGANG MRT STATION,NE14,PURPLE,1.371292292,103.8923636
74,JALAN BESAR MRT STATION,DT22,BLUE,1.305403642,103.8554713
75,JELAPANG LRT STATION,BP12,OTHERS,1.386703025,103.7645235
76,JOO KOON MRT STATION,EW29,GREEN,1.327717173,103.6784167
77,JURONG EAST MRT STATION,EW24,GREEN,1.33315262,103.7423112
78,JURONG EAST MRT STATION,NS1,RED,1.33315262,103.7423112
79,KADALOOR LRT STATION,PE5,OTHERS,1.399584853,103.9164619
80,KAKI BUKIT MRT STATION,DT28,BLUE,1.334967302,103.9084393
81,KALLANG MRT STATION,EW10,GREEN,1.31148891,103.8713766
82,KANGKAR LRT STATION,SE4,OTHERS,1.383978902,103.9021539
83,KEAT HONG LRT STATION,BP3,OTHERS,1.378602766,103.7490799
84,KEMBANGAN MRT STATION,EW6,GREEN,1.321038249,103.9129282
85,KENT RIDGE MRT STATION,CC24,YELLOW,1.293462633,103.7846438
86,KHATIB MRT STATION,NS14,RED,1.41738337,103.83298
87,KING ALBERT PARK MRT STATION,DT6,BLUE,1.335665121,103.7838201
88,KOVAN MRT STATION,NE13,PURPLE,1.360179171,103.8850503
89,KRANJI MRT STATION,NS7,RED,1.425177699,103.7621874
90,KUPANG LRT STATION,SW3,OTHERS,1.398212828,103.881242
91,LABRADOR PARK MRT STATION,CC27,YELLOW,1.272332732,103.8029471
92,LAKESIDE MRT STATION,EW26,GREEN,1.344259249,103.7209802
93,LAVENDER MRT STATION,EW11,GREEN,1.30735702,103.8628215
94,LAYAR LRT STATION,SW6,OTHERS,1.392079839,103.8800158
95,LITTLE INDIA MRT STATION,DT12,BLUE,1.303916484,103.8524167
96,LITTLE INDIA MRT STATION,NE7,PURPLE,1.307198223,103.8485807
97,LORONG CHUAN MRT STATION,CC14,YELLOW,1.351612171,103.8641434
98,MACPHERSON MRT STATION,CC10,YELLOW,1.326345372,103.8902718
99,MACPHERSON MRT STATION,DT26,BLUE,1.326076883,103.8893356
100,MARINA BAY MRT STATION,NS27,RED,1.276427355,103.8545925
101,MARINA BAY MRT STATION,CE2,OTHERS,1.276150637,103.8550886
102,MARINA SOUTH PIER MRT STATION,NS28,RED,1.271336711,103.8628525
103,MARSILING MRT STATION,NS8,RED,1.432514421,103.77409
104,MARYMOUNT MRT STATION,CC16,YELLOW,1.348707263,103.8394214
105,MATTAR MRT STATION,DT25,BLUE,1.326876715,103.8832341
106,MERIDIAN LRT STATION,PE2,OTHERS,1.396912053,103.9089277
107,MOUNTBATTEN MRT STATION,CC7,YELLOW,1.306201905,103.8825153
108,NEWTON MRT STATION,DT11,BLUE,1.313607102,103.8378098
109,NEWTON MRT STATION,NS21,RED,1.3123201,103.8379841
110,NIBONG LRT STATION,PW5,OTHERS,1.411870458,103.9002935
111,NICOLL HIGHWAY MRT STATION,CC5,YELLOW,1.299766835,103.8636292
112,NOVENA MRT STATION,NS20,RED,1.320440791,103.8438228
113,OASIS LRT STATION,PE6,OTHERS,1.402286677,103.9127036
114,ONE-NORTH MRT STATION,CC23,YELLOW,1.299759879,103.7874693
115,ORCHARD MRT STATION,NS22,RED,1.303981012,103.8322417
116,OUTRAM PARK MRT STATION,NE3,PURPLE,1.28140498,103.839125
117,OUTRAM PARK MRT STATION,EW16,GREEN,1.279764543,103.8395732
118,PASIR PANJANG MRT STATION,CC26,YELLOW,1.276213523,103.7913607
119,PASIR RIS MRT STATION,EW1,GREEN,1.372983774,103.9492348
120,PAYA LEBAR MRT STATION,EW8,GREEN,1.318112082,103.8930446
121,PAYA LEBAR MRT STATION,CC9,YELLOW,1.317430268,103.8921633
122,PENDING LRT STATION,BP8,OTHERS,1.376142883,103.7712881
123,PETIR LRT STATION,BP7,OTHERS,1.377750334,103.7666882
124,PHOENIX LRT STATION,BP5,OTHERS,1.378618844,103.7580559
125,PIONEER MRT STATION,EW28,GREEN,1.337586882,103.6973586
126,POTONG PASIR MRT STATION,NE10,PURPLE,1.331379525,103.869046
127,PROMENADE MRT STATION,DT15,BLUE,1.292891552,103.860846
128,PROMENADE MRT STATION,CC4,YELLOW,1.293218051,103.8609921
129,PUNGGOL LRT STATION,PTC,OTHERS,1.405194701,103.9023911
130,PUNGGOL MRT STATION,NE17,PURPLE,1.404546728,103.902052
131,PUNGGOL POINT LRT STATION,PW3,OTHERS,1.41684852,103.9066284
132,QUEENSTOWN MRT STATION,EW19,GREEN,1.294860933,103.8058913
133,RAFFLES PLACE MRT STATION,EW14,GREEN,1.284125611,103.8514572
134,RAFFLES PLACE MRT STATION,NS26,RED,1.284125611,103.8514572
135,RANGGUNG LRT STATION,SE5,OTHERS,1.384233561,103.897176
136,REDHILL MRT STATION,EW18,GREEN,1.289562726,103.8168209
137,RENJONG LRT STATION,SW8,OTHERS,1.386723922,103.8905227
138,RIVIERA LRT STATION,PE4,OTHERS,1.394524496,103.9161415
139,ROCHOR MRT STATION,DT13,BLUE,1.306800025,103.8496427
140,RUMBIA LRT STATION,SE2,OTHERS,1.391468497,103.9059522
141,SAM KEE LRT STATION,PW1,OTHERS,1.409612685,103.9048099
142,SAMUDERA LRT STATION,PW4,OTHERS,1.415901719,103.9021353
143,SEGAR LRT STATION,BP11,OTHERS,1.387772131,103.7696171
144,SEMBAWANG MRT STATION,NS11,RED,1.449050821,103.8200504
145,SENGKANG LRT STATION,STC,OTHERS,1.391609364,103.8954243
146,SENGKANG MRT STATION,NE16,PURPLE,1.391694626,103.8954664
147,SENJA LRT STATION,BP13,OTHERS,1.382692296,103.7623879
148,SERANGOON MRT STATION,CC13,YELLOW,1.350595256,103.8723572
149,SERANGOON MRT STATION,NE12,PURPLE,1.349707875,103.8735637
150,SIMEI MRT STATION,EW3,GREEN,1.343202895,103.9533387
151,SIXTH AVENUE MRT STATION,DT7,BLUE,1.330786387,103.7972561
152,SOMERSET MRT STATION,NS23,RED,1.300260055,103.8390737
153,SOO TECK LRT STATION,PW7,OTHERS,1.405088585,103.8971904
154,SOUTH VIEW LRT STATION,BP2,OTHERS,1.380298287,103.7453173
155,STADIUM MRT STATION,CC6,YELLOW,1.30284063,103.8753395
156,STEVENS MRT STATION,DT10,BLUE,1.320065557,103.8260263
157,SUMANG LRT STATION,PW6,OTHERS,1.408452426,103.8985387
158,TAI SENG MRT STATION,CC11,YELLOW,1.335433322,103.88818
159,TAMPINES EAST MRT STATION,DT33,BLUE,1.356191483,103.9546005
160,TAMPINES MRT STATION,EW2,GREEN,1.353301356,103.9451175
161,TAMPINES MRT STATION,DT32,BLUE,1.355077429,103.9430298
162,TAMPINES WEST MRT STATION,DT31,BLUE,1.345515305,103.938408
163,TAN KAH KEE MRT STATION,DT8,BLUE,1.325883209,103.8073292
164,TANAH MERAH MRT STATION,EW4,GREEN,1.327187135,103.9463161
165,TANJONG PAGAR MRT STATION,EW15,GREEN,1.276521247,103.8458611
166,TECK LEE LRT STATION,PW2,OTHERS,1.412770894,103.9065554
167,TECK WHYE LRT STATION,BP4,OTHERS,1.376684679,103.7537352
168,TELOK AYER MRT STATION,DT18,BLUE,1.282289536,103.8482991
169,TELOK BLANGAH MRT STATION,CC28,YELLOW,1.270753211,103.8097544
170,TEN MILE JUNCTION LRT STATION,BP14,OTHERS,1.380321008,103.760161
171,THANGGAM LRT STATION,SW4,OTHERS,1.397318155,103.8756226
172,TIONG BAHRU MRT STATION,EW17,GREEN,1.286193393,103.827021
173,TOA PAYOH MRT STATION,NS19,RED,1.332628987,103.8474979
174,TONGKANG LRT STATION,SW7,OTHERS,1.389347953,103.8858287
175,TUAS CRESCENT MRT STATION,EW31,GREEN,1.321026553,103.6491245
176,TUAS LINK MRT STATION,EW33,GREEN,1.340463766,103.6369324
177,TUAS WEST ROAD MRT STATION,EW32,GREEN,1.329989089,103.6396662
178,UBI MRT STATION,DT27,BLUE,1.329956826,103.8992348
179,UPPER CHANGI MRT STATION,DT34,BLUE,1.341737484,103.9614367
180,WOODLANDS MRT STATION,NS9,RED,1.436875128,103.7864999
181,WOODLANDS MRT STATION,TE2,OTHERS,1.436066981,103.7879451
182,WOODLANDS SOUTH MRT STATION,TE3,OTHERS,1.427259979,103.7938631
183,WOODLEIGH MRT STATION,NE11,PURPLE,1.339190046,103.8708081
184,YEW TEE MRT STATION,NS5,RED,1.397535018,103.7474307
185,YIO CHU KANG MRT STATION,NS15,RED,1.381756046,103.8449439
186,YISHUN MRT STATION,NS13,RED,1.429443081,103.8350045
187,CANBERRA MRT STATION,NS12,RED,1.443076641,103.8297026
188,SPRINGLEAF MRT STATION,TE4,OTHERS,1.397581061,103.8178569
189,LENTOR MRT STATION,TE5,OTHERS,1.384366115,103.8366997
190,MAYFLOWER MRT STATION,TE6,OTHERS,1.371463188,103.8365678
191,BRIGHT HILL MRT STATION,TE7,OTHERS,1.363283185,103.8328936
192,UPPER THOMSON MRT STATION,TE8,OTHERS,1.354416434,103.8328985
193,CALDECOTT MRT STATION,TE9,OTHERS,1.337245613,103.8401618
194,STEVENS MRT STATION,TE11,OTHERS,1.319334374,103.825567
195,NAPIER MRT STATION,TE12,OTHERS,1.306782234,103.8189568
196,ORCHARD BOULEVARD MRT STATION,TE13,OTHERS,1.302422248,103.8238685
197,ORCHARD MRT STATION,TE14,OTHERS,1.302840712,103.8305872
198,GREAT WORLD MRT STATION,TE15,OTHERS,1.293948162,103.8337208
199,HAVELOCK MRT STATION,TE16,OTHERS,1.28850524,103.8335858
200,OUTRAM PARK MRT STATION,TE17,OTHERS,1.281329644,103.8391376
201,MAXWELL MRT STATION,TE18,OTHERS,1.280533298,103.8438837
202,SHENTON WAY MRT STATION,TE19,OTHERS,1.277716828,103.8503676
203,MARINA BAY MRT STATION,TE20,OTHERS,1.274741732,103.8553092
204,GARDENS BY THE BAY MRT STATION,TE22,OTHERS,1.278487259,103.8674547
