,SCHOOL,AREA,TYPE,ADDRESS,Latitude,Longitude
0,Admiralty Primary School,Woodlands,Primary,11 WOODLANDS CIRCLE ADMIRALTY PRIMARY SCHOOL SINGAPORE 738907,1.44263479,103.8000401
1,Ahmad Ibrahim Primary School,Yishun,Primary,10 YISHUN STREET 11 AHMAD IBRAHIM PRIMARY SCHOOL SINGAPORE 768643,1.433152715,103.8329424
2,Ai Tong School,Bishan,Primary,100 BRIGHT HILL DRIVE AI TONG SCHOOL SINGAPORE 579646,1.360583434,103.8330203
3,Alexandra Primary School,Bukit Merah,Primary,2A PRINCE CHARLES CRESCENT ALEXANDRA PRIMARY SCHOOL SINGAPORE 159016,1.291334392,103.8244247
4,Anchor Green Primary School,Sengkang,Primary,31 ANCHORVALE DRIVE ANCHOR GREEN PRIMARY SCHOOL SINGAPORE 544969,1.390369987,103.8871654
5,Anderson Primary School,Ang Mo Kio,Primary,19 ANG MO KIO AVENUE 9 ANDERSON PRIMARY SCHOOL SINGAPORE 569785,1.384264294,103.8413921
6,Ang Mo Kio Primary School,Ang Mo Kio,Primary,20 ANG MO KIO AVENUE 3 ANG MO KIO PRIMARY SCHOOL SINGAPORE 569920,1.369321766,103.8396309
7,Anglo-Chinese School (Junior),Central,Primary,16 WINSTEDT ROAD EPWORTH STUDENT CARE (ANGLO-CHINESE SCHOOL JUNIOR) SINGAPORE 227988,1.309322527,103.8415521
8,Anglo-Chinese School (Primary),Bukit Timah,Primary,50 BARKER ROAD ANGLO-CHINESE SCHOOL (PRIMARY) SINGAPORE 309918,1.318370545,103.8356097
9,Angsana Primary School,Tampines,Primary,3 TAMPINES STREET 22 LEARNING LEAP PTE LTD [ANGSANA PRIMARY SCHOOL] SINGAPORE 529366,1.348465689,103.9515771
10,Beacon Primary School,Bukit Panjang,Primary,36 BUKIT PANJANG RING ROAD BEACON PRIMARY SCHOOL SINGAPORE 679944,1.383949362,103.773632
11,Bedok Green Primary School,Bedok,Primary,1 BEDOK SOUTH AVENUE 2 BEDOK GREEN PRIMARY SCHOOL SINGAPORE 469317,1.323445933,103.937879
12,Bendemeer Primary School,Kallang,Primary,91 BENDEMEER ROAD BENDEMEER PRIMARY SCHOOL SINGAPORE 339948,1.321812508,103.8654042
13,Blangah Rise Primary School,Bukit Merah,Primary,91 TELOK BLANGAH HEIGHTS BLANGAH RISE PRIMARY SCHOOL SINGAPORE 109100,1.276120479,103.8086285
14,Boon Lay Garden Primary School,Jurong West,Primary,20 BOON LAY DRIVE BIG HEART STUDENT CARE (BOON LAY GARDEN PRIMARY SCHOOL) SINGAPORE 649930,1.342840138,103.7128584
15,Bukit Panjang Primary School,Bukit Panjang,Primary,109 CASHEW ROAD BUKIT PANJANG PRIMARY SCHOOL SINGAPORE 679676,1.373621793,103.7693749
16,Bukit Timah Primary School,Bukit Timah,Primary,111 LORONG KISMIS BUKIT TIMAH PRIMARY SCHOOL SINGAPORE 598112,1.337299558,103.7668287
17,Bukit View Primary School,Bukit Batok,Primary,18 BUKIT BATOK STREET 21 BUKIT VIEW PRIMARY SCHOOL SINGAPORE 659634,1.345860548,103.7536664
18,Canberra Primary School,Sembawang,Primary,21 ADMIRALTY DRIVE CANBERRA PRIMARY SCHOOL SINGAPORE 757714,1.451250244,103.8158589
19,Canossa Catholic Primary School,Geylang,Primary,1 SALLIM ROAD CANOSSA CATHOLIC PRIMARY SCHOOL SINGAPORE 387621,1.326644245,103.882228
20,Cantonment Primary School,Bukit Merah,Primary,1 CANTONMENT CLOSE CANTONMENT PRIMARY SCHOOL SINGAPORE 088256,1.275472526,103.8399626
21,Casuarina Primary School,Pasir Ris,Primary,30 PASIR RIS STREET 41 CASUARINA PRIMARY SCHOOL SINGAPORE 518935,1.372460639,103.9570203
22,Catholic High School (Primary),Bishan,Primary,9 BISHAN STREET 22 COMMIT LEARNING SCHOOLHOUSE @ CATHOLIC HIGH SCHOOL (PRIMARY) SINGAPORE 579767,1.354388784,103.8442107
23,Cedar Primary School,Toa Payoh,Primary,15 CEDAR AVENUE CEDAR PRIMARY SCHOOL SINGAPORE 349700,1.335588501,103.875621
24,Changkat Primary School,Tampines,Primary,11 SIMEI STREET 3 CHANGKAT PRIMARY SCHOOL SINGAPORE 529896,1.34023164,103.9520801
25,CHIJ (Katong) Primary,Katong,Primary,17 MARTIA ROAD CHIJ (KATONG) PRIMARY SINGAPORE 424821,1.306485353,103.9111056
26,CHIJ (Kellock),Bukit Merah,Primary,1 BUKIT TERESA ROAD CHIJ (KELLOCK) SINGAPORE 099757,1.275022723,103.8281576
27,CHIJ Our Lady of Good Counsel,Serangoon,Primary,2C BURGHLEY DRIVE CHIJ OUR LADY OF GOOD COUNSEL SINGAPORE 558979,1.357429523,103.8640094
28,CHIJ Our Lady of the Nativity,Hougang,Primary,1257 UPPER SERANGOON ROAD CHIJ OUR LADY OF THE NATIVITY SINGAPORE 534793,1.373302971,103.8975757
29,CHIJ Our Lady Queen of Peace,Bukit Panjang,Primary,4 CHESTNUT DRIVE CHIJ OUR LADY QUEEN OF PEACE SINGAPORE 679287,1.366603669,103.7674122
30,CHIJ Primary (Toa Payoh),Toa Payoh,Primary,628 LORONG 1 TOA PAYOH CHIJ PRIMARY (TOA PAYOH) SINGAPORE 319765,1.332752647,103.8418473
31,CHIJ St. Nicholas Girls' School,Ang Mo Kio,Primary,501 ANG MO KIO STREET 13 CHIJ SAINT NICHOLAS GIRLS' SCHOOL SINGAPORE 569405,1.373476879,103.8342533
32,Chongfu School,Yishun,Primary,170 YISHUN AVENUE 6 SHG STUDENT CARE (CHONGFU SCHOOL) SINGAPORE 768959,1.438462304,103.8390707
33,Chongzheng Primary School,Tampines,Primary,1 TAMPINES STREET 21 CHONGZHENG PRIMARY SCHOOL SINGAPORE 529392,1.350707392,103.9513995
34,Chua Chu Kang Primary School,Chua Chu Kang,Primary,20 CHOA CHU KANG AVENUE 2 CHUA CHU KANG PRIMARY SCHOOL SINGAPORE 689905,1.377758901,103.7418329
35,Clementi Primary School,Clementi,Primary,8 CLEMENTI AVENUE 3 CLEMENTI PRIMARY SCHOOL SINGAPORE 129903,1.315063218,103.7631445
36,Compassvale Primary School,Sengkang,Primary,21 COMPASSVALE STREET COMPASSVALE PRIMARY SCHOOL SINGAPORE 545091,1.394445296,103.8978122
37,Concord Primary School,Chua Chu Kang,Primary,3 CHOA CHU KANG AVENUE 4 BIG HEART STUDENT CARE (CONCORD PRIMARY SCHOOL) SINGAPORE 689814,1.380265161,103.7365543
38,Corporation Primary School,Jurong West,Primary,31 JURONG WEST STREET 24 CORPORATION PRIMARY SCHOOL SINGAPORE 648347,1.350997799,103.7075937
39,Damai Primary School,Bedok,Primary,52 BEDOK RESERVOIR CRESCENT DAMAI PRIMARY SCHOOL SINGAPORE 479226,1.335461068,103.9212702
40,Dazhong Primary School,Bukit Batok,Primary,35 BUKIT BATOK STREET 31 DAZHONG PRIMARY SCHOOL SINGAPORE 659441,1.359179745,103.7484721
41,De La Salle School,Chua Chu Kang,Primary,11 CHOA CHU KANG STREET 52 DE LA SALLE SCHOOL SINGAPORE 689285,1.39470783,103.7432018
42,East Spring Primary School,Tampines,Primary,31 TAMPINES STREET 33 EAST SPRING PRIMARY SCHOOL SINGAPORE 529258,1.352684007,103.9616768
43,Edgefield Primary School,Punggol,Primary,41 EDGEFIELD PLAINS WHEE!CANOPUS STUDENT CARE @ EDGEFIELD PRIMARY SCHOOL SINGAPORE 828869,1.40029783,103.9074305
44,Elias Park Primary School,Pasir Ris,Primary,11 PASIR RIS STREET 52 ELIAS PARK PRIMARY SCHOOL SINGAPORE 518866,1.374512694,103.9451281
45,Endeavour Primary School,Sembawang,Primary,10 ADMIRALTY LINK ENDEAVOUR PRIMARY SCHOOL SINGAPORE 757521,1.454038375,103.8174362
46,Evergreen Primary School,Woodlands,Primary,31 WOODLANDS CIRCLE EVERGREEN PRIMARY SCHOOL SINGAPORE 738908,1.444153328,103.7945778
47,Fairfield Methodist School (Primary),Dover,Primary,100 DOVER ROAD FAIRFIELD METHODIST SCHOOL (PRIMARY) SINGAPORE 139648,1.300540825,103.7854383
48,Farrer Park Primary School,Kallang,Primary,2 FARRER PARK ROAD FARRER PARK PRIMARY SCHOOL SINGAPORE 217567,1.312368677,103.8507664
49,Fengshan Primary School,Bedok,Primary,307 BEDOK NORTH ROAD FENGSHAN PRIMARY SCHOOL SINGAPORE 469680,1.329805988,103.9317103
50,Fern Green Primary School,Sengkang,Primary,70 FERNVALE LINK FERN GREEN PRIMARY SCHOOL SINGAPORE 797538,1.397269661,103.8803303
51,Fernvale Primary School,Sengkang,Primary,1 FERNVALE LANE FERNVALE PRIMARY SCHOOL SINGAPORE 797701,1.39030228,103.8744455
52,First Toa Payoh Primary School,Toa Payoh,Primary,7 LORONG 8 TOA PAYOH FIRST TOA PAYOH PRIMARY SCHOOL SINGAPORE 319252,1.340322995,103.8555299
53,Frontier Primary School,Jurong West,Primary,20 JURONG WEST STREET 61 LEARNING LEAP PTE LTD (FRONTIER PRIMARY SCHOOL) SINGAPORE 648200,1.336643112,103.6996828
54,Fuchun Primary School,Woodlands,Primary,23 WOODLANDS AVENUE 1 SHG STUDENT CARE (FUCHUN PRIMARY SCHOOL) SINGAPORE 739063,1.430639758,103.7781752
55,Fuhua Primary School,Jurong East,Primary,65 JURONG EAST STREET 13 AMP-MERCU STUDENT CARE CENTRE @ FUHUA PRIMARY SCHOOL SINGAPORE 609647,1.336597265,103.7360895
56,Gan Eng Seng Primary School,Bukit Merah,Primary,100 REDHILL CLOSE GAN ENG SENG PRIMARY SCHOOL SINGAPORE 158901,1.285595165,103.8155474
57,Geylang Methodist School (Primary),Geylang,Primary,4 GEYLANG EAST CENTRAL GEYLANG METHODIST SCHOOL (PRIMARY) SINGAPORE 389706,1.317591268,103.8838457
58,Gongshang Primary School,Tampines,Primary,1 TAMPINES STREET 42 GONGSHANG PRIMARY SCHOOL SINGAPORE 529176,1.357237214,103.9491153
59,Greendale Primary School,Punggol,Primary,50 EDGEDALE PLAINS GREENDALE PRIMARY SCHOOL SINGAPORE 828848,1.396481951,103.9123346
60,Greenridge Primary School,Bukit Panjang,Primary,11 JELAPANG ROAD GREENRIDGE PRIMARY SCHOOL SINGAPORE 677744,1.385889219,103.7677945
61,Greenwood Primary School,Woodlands,Primary,11 WOODLANDS DRIVE 62 GREENWOOD PRIMARY SCHOOL SINGAPORE 737942,1.439899583,103.8047256
62,Haig Girls' School,Geylang,Primary,51 KOON SENG ROAD HAIG GIRLS' SCHOOL (U/C) SINGAPORE 427072,1.311539114,103.9033936
63,Henry Park Primary School,Bukit Timah,Primary,1 HOLLAND GROVE ROAD HENRY PARK PRIMARY SCHOOL SINGAPORE 278790,1.316676462,103.7842962
64,Holy Innocents' Primary School,Hougang,Primary,5 LORONG LOW KOON HOLY INNOCENTS' PRIMARY SCHOOL SINGAPORE 536451,1.366938309,103.8941149
65,Hong Wen School,Kallang,Primary,30 TOWNER ROAD HONG WEN SCHOOL SINGAPORE 327829,1.32176,103.8576285
66,Horizon Primary School,Punggol,Primary,61 EDGEDALE PLAINS HORIZON PRIMARY SCHOOL SINGAPORE 828819,1.399550034,103.9134049
67,Hougang Primary School,Hougang,Primary,1 HOUGANG STREET 93 HOUGANG PRIMARY SCHOOL SINGAPORE 534238,1.377382452,103.8808053
68,Huamin Primary School,Yishun,Primary,21 YISHUN AVENUE 11 HUAMIN PRIMARY SCHOOL SINGAPORE 768857,1.426972845,103.8442402
69,Innova Primary School,Woodlands,Primary,80 WOODLANDS DRIVE 17 INNOVA PRIMARY SCHOOL SINGAPORE 737888,1.428967007,103.7906075
70,Jiemin Primary School,Yishun,Primary,2 YISHUN STREET 71 JIEMIN PRIMARY SCHOOL SINGAPORE 768515,1.427688477,103.8304255
71,Jing Shan Primary School,Ang Mo Kio,Primary,5 ANG MO KIO STREET 52 JING SHAN PRIMARY SCHOOL SINGAPORE 569228,1.37223291,103.8521322
72,Junyuan Primary School,Tampines,Primary,2 TAMPINES STREET 91 WHEE!CANOPUS STUDENT CARE @ JUNYUAN PRIMARY SCHOOL SINGAPORE 528906,1.347870509,103.9393276
73,Jurong Primary School,Jurong East,Primary,30 JURONG WEST STREET 61 JURONG WEST PRIMARY SCHOOL SINGAPORE 648368,1.339175198,103.6988037
74,Jurong West Primary School,Jurong West,Primary,30 JURONG WEST STREET 61 JURONG WEST PRIMARY SCHOOL SINGAPORE 648368,1.339175198,103.6988037
75,Keming Primary School,Bukit Batok,Primary,90 BUKIT BATOK EAST AVENUE 6 KNOWLEDGE PARK EDUCARE PTE LTD (KEMING PRIMARY SCHOOL) SINGAPORE 659762,1.345063498,103.7559232
76,Kheng Cheng School,Toa Payoh,Primary,15 LORONG 3 TOA PAYOH SHG STUDENT CARE (KHENG CHENG SCHOOL) SINGAPORE 319580,1.337288184,103.8471411
77,Kong Hwa School,Geylang,Primary,350 GUILLEMARD ROAD KONG HWA SCHOOL SINGAPORE 399772,1.31099674,103.888352
78,Kranji Primary School,Chua Chu Kang,Primary,11 CHOA CHU KANG STREET 54 KRANJI PRIMARY SCHOOL SINGAPORE 689189,1.393560505,103.7473627
79,Kuo Chuan Presbyterian Primary School,Bishan,Primary,8 BISHAN STREET 13 KUO CHUAN PRESBYTERIAN PRIMARY SCHOOL SINGAPORE 579793,1.349398137,103.8550182
80,Lakeside Primary School,Jurong West,Primary,161 CORPORATION WALK LAKESIDE PRIMARY SCHOOL SINGAPORE 618310,1.338203977,103.7180895
81,Lianhua Primary School,Bukit Batok,Primary,2 BUKIT BATOK STREET 52 LIANHUA PRIMARY SCHOOL SINGAPORE 659243,1.354241911,103.7541658
82,Maha Bodhi School,Geylang,Primary,12 UBI AVENUE 1 MAHA BODHI SCHOOL SINGAPORE 408932,1.328470866,103.9012987
83,Maris Stella High School,Toa Payoh,Primary,25 MOUNT VERNON ROAD MARIS STELLA HIGH SCHOOL SINGAPORE 368051,1.341394734,103.8778525
84,Marsiling Primary School,Woodlands,Primary,31 WOODLANDS CENTRE ROAD MARSILING PRIMARY SCHOOL SINGAPORE 738927,1.43383904,103.773643
85,Marymount Convent School,Toa Payoh,Primary,20 MARYMOUNT ROAD MARYMOUNT CONVENT SCHOOL SINGAPORE 297754,1.34036677,103.8400211
86,Mayflower Primary School,Yishun,Primary,200 ANG MO KIO AVENUE 5 MAYFLOWER PRIMARY SCHOOL SINGAPORE 569878,1.376376835,103.8432528
87,Mee Toh School,Punggol,Primary,21 EDGEDALE PLAINS MEE TOH SCHOOL SINGAPORE 828867,1.394618454,103.9085895
88,Meridian Primary School,Pasir Ris,Primary,20 PASIR RIS STREET 71 MERIDIAN PRIMARY SCHOOL SINGAPORE 518798,1.375528317,103.9348891
89,Methodist Girls' School (Primary),Bukit Timah,Primary,298 LORONG AH SOO PAYA LEBAR METHODIST GIRLS' SCHOOL (PRIMARY) SINGAPORE 536741,1.349472763,103.8849713
90,Montfort Junior School,Hougang,Primary,52 HOUGANG AVENUE 8 LEARNING STUDIO EDUCARE BY ZENITANT (MONTFORT JUNIOR SCHOOL) SINGAPORE 538786,1.373624452,103.8897415
91,Nan Chiau Primary School,Sengkang,Primary,50 ANCHORVALE LINK NAN CHIAU PRIMARY SCHOOL SINGAPORE 545080,1.392211499,103.8911809
92,Nan Hua Primary School,Clementi,Primary,30 JALAN LEMPENG NAN HUA PRIMARY SCHOOL SINGAPORE 128806,1.3192016,103.7610951
93,Nanyang Primary School,Bukit Timah,Primary,52 KING'S ROAD NANYANG PRIMARY SCHOOL SINGAPORE 268097,1.320847499,103.8077502
94,Naval Base Primary School,Yishun,Primary,7 YISHUN AVENUE 4 NAVAL BASE PRIMARY SCHOOL SINGAPORE 769028,1.416306632,103.8387941
95,New Town Primary School,Queenstown,Primary,300 TANGLIN HALT ROAD NEW TOWN PRIMARY SCHOOL SINGAPORE 148812,1.299641882,103.8001022
96,Ngee Ann Primary School,Marine Parade,Primary,344 MARINE TERRACE NGEE ANN PRIMARY SCHOOL SINGAPORE 449149,1.305525059,103.917463
97,North Spring Primary School,Sengkang,Primary,1 RIVERVALE STREET NORTH SPRING PRIMARY SCHOOL SINGAPORE 545088,1.387061465,103.9032027
98,North View Primary School,Yishun,Primary,210 YISHUN AVENUE 6 TRI-LOVE STUDENT CARE @ NORTH VIEW PRIMARY SCHOOL SINGAPORE 768960,1.427523265,103.848255
99,North Vista Primary School,Sengkang,Primary,20 COMPASSVALE LINK NORTH VISTA PRIMARY SCHOOL SINGAPORE 544974,1.38282243,103.8959619
100,Northland Primary School,Yishun,Primary,15 YISHUN AVENUE 4 NORTHLAND PRIMARY SCHOOL SINGAPORE 769026,1.420969899,103.8409284
101,Northoaks Primary School,Sembawang,Primary,61 SEMBAWANG DRIVE WHEE!CANOPUS STUDENT CARE @ NORTHOAKS PRIMARY SCHOOL SINGAPORE 757622,1.456623796,103.8136885
102,Northshore Primary School,Punggol,Primary,30 NORTHSHORE DRIVE NORTHSHORE PRIMARY SCHOOL SINGAPORE 828671,1.418138033,103.9044169
103,Oasis Primary School,Punggol,Primary,71 EDGEFIELD PLAINS YMCA STUDENT CARE CENTRE @ OASIS PRIMARY SCHOOL SINGAPORE 828716,1.404459512,103.9108966
104,Opera Estate Primary School,Bedok,Primary,48 FIDELIO STREET KNOWLEDGE PARK EDUCARE PTE LTE (OPERA ESTATE PRIMARY SCHOOL) SINGAPORE 458436,1.319968764,103.9237527
105,Palm View Primary School,Sengkang,Primary,150 COMPASSVALE BOW PALM VIEW PRIMARY SCHOOL SINGAPORE 544822,1.38376923,103.8913547
106,Park View Primary School,Pasir Ris,Primary,60 PASIR RIS DRIVE 1 PARK VIEW PRIMARY SCHOOL SINGAPORE 519524,1.377380699,103.9395417
107,Pasir Ris Primary School,Pasir Ris,Primary,5 PASIR RIS STREET 21 PASIR RIS PRIMARY SCHOOL SINGAPORE 518968,1.372418702,103.9628072
108,Paya Lebar Methodist Girls' School (Primary),Hougang,Primary,298 LORONG AH SOO PAYA LEBAR METHODIST GIRLS' SCHOOL (PRIMARY) SINGAPORE 536741,1.349472763,103.8849713
109,Pei Chun Public School,Toa Payoh,Primary,16 LORONG 7 TOA PAYOH ACE @ WORK SCHOOLCARE PTE LTD (PEI CHUN PUBLIC SCHOOL) SINGAPORE 319320,1.336778644,103.8553413
110,Pei Hwa Presbyterian Primary School,Bukit Timah,Primary,7 PEI WAH AVENUE PEI HWA PRESBYTERIAN PRIMARY SCHOOL SINGAPORE 597610,1.338056346,103.7761064
111,Pei Tong Primary School,Clementi,Primary,15 CLEMENTI AVENUE 5 LEARNING LEAP PTE LTD (PEI TONG PRIMARY SCHOOL) SINGAPORE 129857,1.316665293,103.767439
112,Peiying Primary School,Yishun,Primary,651 YISHUN RING ROAD COMMIT LEARNING SCHOOLHOUSE @ PEIYING PRIMARY SCHOOL SINGAPORE 768687,1.417416276,103.8301432
113,Pioneer Primary School,Jurong West,Primary,31 JURONG WEST STREET 91 PIONEER PRIMARY SCHOOL SINGAPORE 649037,1.339022647,103.6877696
114,Poi Ching School,Tampines,Primary,21 TAMPINES STREET 71 POI CHING SCHOOL SINGAPORE 529067,1.357651223,103.9352465
115,Princess Elizabeth Primary School,Bukit Batok,Primary,30 BUKIT BATOK WEST AVENUE 3 PRINCESS ELIZABETH PRIMARY SCHOOL SINGAPORE 659163,1.349203513,103.7410196
116,Punggol Cove Primary School,Punggol,Primary,52 SUMANG WALK KNOWLEDGE PARK EDUCARE PTE LTD (PUNGGOL COVE PRIMARY SCHOOL) SINGAPORE 828674,1.411584556,103.8989045
117,Punggol Green Primary School,Punggol,Primary,98 PUNGGOL WALK PUNGGOL GREEN PRIMARY SCHOOL SINGAPORE 828772,1.401872206,103.8988013
118,Punggol Primary School,Hougang,Primary,9 PUNGGOL PLACE PUNGGOL VIEW PRIMARY SCHOOL SINGAPORE 828845,1.405145826,103.9051564
119,Punggol View Primary School,Punggol,Primary,9 PUNGGOL PLACE PUNGGOL VIEW PRIMARY SCHOOL SINGAPORE 828845,1.405145826,103.9051564
120,Qifa Primary School,Clementi,Primary,50 WEST COAST AVENUE AMP-MERCU STUDENT CARE CENTRE @ QIFA PRIMARY SCHOOL SINGAPORE 128104,1.313265833,103.7566291
121,Qihua Primary School,Woodlands,Primary,5 WOODLANDS STREET 81 POWERLIFE STUDENT SERVICES @ QIHUA PRIMARY SCHOOL SINGAPORE 738525,1.442035966,103.7883398
122,Queenstown Primary School,Queenstown,Primary,310 MARGARET DRIVE QUEENSTOWN PRIMARY SCHOOL SINGAPORE 149303,1.29559365,103.8075486
123,Radin Mas Primary School,Bukit Merah,Primary,1 BUKIT PURMEI AVENUE RADIN MAS PRIMARY SCHOOL SINGAPORE 099840,1.274958236,103.8241883
124,Raffles Girls' Primary School,Bukit Timah,Primary,21 HILLCREST ROAD RAFFLES GIRLS' PRIMARY SCHOOL SINGAPORE 289072,1.32940426,103.8064429
125,Red Swastika School,Bedok,Primary,350 BEDOK NORTH AVENUE 3 RED SWASTIKA SCHOOL SINGAPORE 469719,1.333242978,103.9343323
126,River Valley Primary School,Central,Primary,2 RIVER VALLEY GREEN RIVER VALLEY PRIMARY SCHOOL SINGAPORE 237993,1.294223285,103.8358152
127,Riverside Primary School,Woodlands,Primary,110 WOODLANDS CRESCENT MERCU STUDENT CARE CENTRE @ RIVERSIDE PRIMARY SCHOOL SINGAPORE 737803,1.447004265,103.801889
128,Rivervale Primary School,Sengkang,Primary,80 RIVERVALE DRIVE RIVERVALE PRIMARY SCHOOL SINGAPORE 545092,1.393409978,103.9045595
129,Rosyth School,Serangoon,Primary,21 SERANGOON NORTH AVENUE 4 ROSYTH SCHOOL SINGAPORE 555855,1.372890675,103.8750015
130,Rulang Primary School,Jurong West,Primary,6 JURONG WEST STREET 52 RULANG PRIMARY SCHOOL SINGAPORE 649295,1.346738689,103.718458
131,Sembawang Primary School,Sembawang,Primary,10 SEMBAWANG DRIVE SEMBAWANG PRIMARY SCHOOL SINGAPORE 757715,1.445073716,103.8210424
132,Seng Kang Primary School,Sengkang,Primary,21 COMPASSVALE WALK SENG KANG PRIMARY SCHOOL SINGAPORE 545166,1.389497404,103.8997671
133,Sengkang Green Primary School,Sengkang,Primary,15 FERNVALE ROAD SENGKANG GREEN PRIMARY SCHOOL SINGAPORE 797636,1.392846067,103.8752177
134,Shuqun Primary School,Jurong West,Primary,8 JURONG WEST STREET 51 SHUQUN PRIMARY SCHOOL SINGAPORE 649332,1.347653114,103.7215237
135,Si Ling Primary School,Woodlands,Primary,61 WOODLANDS AVENUE 1 SI LING PRIMARY SCHOOL SINGAPORE 739067,1.432409357,103.7860351
136,Singapore Chinese Girls’ Primary School,Novena,Primary,190 DUNEARN ROAD SINGAPORE CHINESE GIRLS' SCHOOL (PRIMARY) SINGAPORE 309437,1.320807252,103.8277447
137,South View Primary School,Chua Chu Kang,Primary,6 CHOA CHU KANG CENTRAL SOUTH VIEW PRIMARY SCHOOL SINGAPORE 689762,1.381666644,103.7462758
138,Springdale Primary School,Sengkang,Primary,71 ANCHORVALE LINK SPRINGDALE PRIMARY SCHOOL SINGAPORE 544799,1.394670103,103.8899262
139,St. Andrew's Junior School,Toa Payoh,Primary,2 FRANCIS THOMAS DRIVE SAINT ANDREW'S JUNIOR SCHOOL SINGAPORE 359337,1.331402553,103.8651171
140,St. Anthony's Canossian Primary School,Bedok,Primary,1602 BEDOK NORTH AVENUE 4 SAINT ANTHONY'S CANOSSIAN PRIMARY SCHOOL SINGAPORE 469701,1.334725373,103.9412349
141,St. Anthony's Primary School,Bukit Batok,Primary,1602 BEDOK NORTH AVENUE 4 SAINT ANTHONY'S CANOSSIAN PRIMARY SCHOOL SINGAPORE 469701,1.334725373,103.9412349
142,St. Gabriel's Primary School,Serangoon,Primary,220 LORONG CHUAN SAINT GABRIEL'S PRIMARY SCHOOL SINGAPORE 556742,1.349471927,103.862561
143,St. Hilda's Primary School,Tampines,Primary,2 TAMPINES AVENUE 3 SAINT HILDA'S PRIMARY SCHOOL SINGAPORE 529706,1.34938565,103.9370071
144,St. Joseph's Institution Junior,Novena,Primary,3 ESSEX ROAD MORNING STAR COMMUNITY SERVICES (ST JOSEPH'S INSTITUTION JUNIOR) SINGAPORE 309331,1.317814761,103.8456333
145,St. Margaret's Primary School,Rochor,Primary,2 MATTAR ROAD SAINT MARGARET'S PRIMARY SCHOOL SINGAPORE 387724,1.324391503,103.8816248
146,St. Stephen's School,Bedok,Primary,20 SIGLAP VIEW SAINT STEPHEN'S SCHOOL SINGAPORE 455789,1.318789973,103.9172581
147,Tampines North Primary School,Tampines,Primary,30 TAMPINES AVENUE 9 BIG HEART STUDENT CARE (TAMPINES NORTH PRIMARY SCHOOL) SINGAPORE 529565,1.36048786,103.9487689
148,Tampines Primary School,Tampines,Primary,250 TAMPINES STREET 12 TAMPINES PRIMARY SCHOOL SINGAPORE 529426,1.349778708,103.9440047
149,Tanjong Katong Primary School,Marine Parade,Primary,10 SERAYA ROAD AFTERSCHOOL @ TANJONG KATONG PRIMARY SCHOOL SINGAPORE 437259,1.30498489,103.9
150,Tao Nan School,Marine Parade,Primary,39 ARMENIAN STREET FORMER TAO NAN SCHOOL SINGAPORE 179941,1.294332105,103.8490262
151,Teck Ghee Primary School,Ang Mo Kio,Primary,1 ANG MO KIO STREET 32 TECK GHEE PRIMARY SCHOOL SINGAPORE 569299,1.365587821,103.8509571
152,Teck Whye Primary School,Chua Chu Kang,Primary,11 TECK WHYE WALK SHG STUDENT CARE (TECK WHYE PRIMARY SCHOOL) SINGAPORE 688261,1.383886605,103.7539246
153,Telok Kurau Primary School,Bedok,Primary,50 BEDOK RESERVOIR ROAD TELOK KURAU PRIMARY SCHOOL SINGAPORE 479239,1.331045854,103.910934
154,Temasek Primary School,Bedok,Primary,501 BEDOK SOUTH AVENUE 3 TEMASEK PRIMARY SCHOOL SINGAPORE 469300,1.317706776,103.9455907
155,Townsville Primary School,Ang Mo Kio,Primary,3 ANG MO KIO AVENUE 10 TOWNSVILLE PRIMARY SCHOOL SINGAPORE 569730,1.360032637,103.853826
156,Unity Primary School,Chua Chu Kang,Primary,21 CHOA CHU KANG CRESCENT UNITY PRIMARY SCHOOL SINGAPORE 688268,1.402854819,103.7468226
157,Valour Primary School,Punggol,Primary,49 PUNGGOL CENTRAL VALOUR PRIMARY SCHOOL SINGAPORE 828728,1.406835702,103.8990781
158,Waterway Primary School,Punggol,Primary,70 PUNGGOL DRIVE WATERWAY PRIMARY SCHOOL SINGAPORE 828802,1.398828006,103.9186216
159,Wellington Primary School,Sembawang,Primary,10 WELLINGTON CIRCLE WELLINGTON PRIMARY SCHOOL SINGAPORE 757702,1.451920192,103.8223037
160,West Grove Primary School,Jurong West,Primary,1 JURONG WEST STREET 72 WEST GROVE PRIMARY SCHOOL SINGAPORE 649223,1.344879056,103.6992864
161,West Spring Primary School,Bukit Panjang,Primary,60 BUKIT PANJANG RING ROAD WEST SPRING PRIMARY SCHOOL SINGAPORE 679946,1.389441459,103.7661957
162,West View Primary School,Bukit Panjang,Primary,31 SENJA ROAD BIG HEART STUDENT CARE (WEST VIEW PRIMARY SCHOOL) SINGAPORE 677742,1.383785465,103.7602734
163,Westwood Primary School,Jurong West,Primary,1 JURONG WEST STREET 73 WESTWOOD PRIMARY SCHOOL SINGAPORE 649188,1.347184566,103.7005342
164,White Sands Primary School,Pasir Ris,Primary,2 PASIR RIS STREET 11 LEARNING LEAP PTE LTD (WHITE SANDS PRIMARY SCHOOL) SINGAPORE 519075,1.365636109,103.9608618
165,Woodgrove Primary School,Woodlands,Primary,2 WOODLANDS DRIVE 14 COMMIT LEARNING SCHOOLHOUSE @ WOODGROVE PRIMARY SCHOOL SINGAPORE 738079,1.432736207,103.7902303
166,Woodlands Primary School,Woodlands,Primary,10 WOODLANDS DRIVE 50 WOODLANDS PRIMARY SCHOOL SINGAPORE 738853,1.436551086,103.7915705
167,Woodlands Ring Primary School,Woodlands,Primary,11 WOODLANDS RING ROAD WOODLANDS RING PRIMARY SCHOOL SINGAPORE 738240,1.434952293,103.7974357
168,Xinghua Primary School,Hougang,Primary,45 HOUGANG AVENUE 1 XINGHUA PRIMARY SCHOOL SINGAPORE 538882,1.357908936,103.8904729
169,Xingnan Primary School,Jurong West,Primary,5 JURONG WEST STREET 91 SHG STUDENT CARE (XINGNAN PRIMARY SCHOOL) SINGAPORE 649036,1.342706397,103.6875885
170,Xinmin Primary School,Hougang,Primary,9 HOUGANG AVENUE 8 XINMIN PRIMARY SCHOOL SINGAPORE 538784,1.371395489,103.8830808
171,Xishan Primary School,Yishun,Primary,8 YISHUN STREET 21 XISHAN PRIMARY SCHOOL SINGAPORE 768611,1.433471869,103.8377553
172,Yangzheng Primary School,Serangoon,Primary,15 SERANGOON AVENUE 3 YANGZHENG PRIMARY SCHOOL SINGAPORE 556108,1.348645758,103.8685955
173,Yew Tee Primary School,Chua Chu Kang,Primary,10 CHOA CHU KANG STREET 64 YEW TEE PRIMARY SCHOOL SINGAPORE 689100,1.396766009,103.750986
174,Yio Chu Kang Primary School,Hougang,Primary,1 HOUGANG STREET 51 YIO CHU KANG PRIMARY SCHOOL SINGAPORE 538720,1.377932643,103.8856437
175,Yishun Primary School,Yishun,Primary,500 YISHUN RING ROAD YISHUN PRIMARY SCHOOL SINGAPORE 768679,1.43338603,103.8340871
176,Yu Neng Primary School,Bedok,Primary,56 BEDOK NORTH STREET 3 YU NENG PRIMARY SCHOOL SINGAPORE 469623,1.333889303,103.9321449
177,Yuhua Primary School,Jurong East,Primary,158 JURONG EAST STREET 24 YUHUA PRIMARY SCHOOL SINGAPORE 609558,1.342802305,103.7411058
178,Yumin Primary School,Tampines,Primary,3 TAMPINES STREET 21 YUMIN PRIMARY SCHOOL SINGAPORE 529393,1.351291777,103.9504619
179,Zhangde Primary School,Bukit Merah,Primary,51 JALAN MEMBINA ZHANGDE PRIMARY SCHOOL SINGAPORE 169485,1.284211533,103.8259519
180,Zhenghua Primary School,Bukit Panjang,Primary,9 FAJAR ROAD ZHENGHUA PRIMARY SCHOOL SINGAPORE 679002,1.379548875,103.7693135
181,Zhonghua Primary School,Serangoon,Primary,12 SERANGOON AVENUE 4 ZHONGHUA PRIMARY SCHOOL SINGAPORE 556095,1.360203297,103.8697624
182,Admiralty Secondary School,Woodlands,Secondary,31 WOODLANDS CRESCENT ADMIRALTY SECONDARY SCHOOL SINGAPORE 737916,1.445890689,103.8023982
183,Ahmad Ibrahim Secondary School,Yishun,Secondary,751 YISHUN AVENUE 7 AHMAD IBRAHIM SECONDARY SCHOOL SINGAPORE 768928,1.436059754,103.8297187
184,Anderson Secondary School,Ang Mo Kio,Secondary,10 ANG MO KIO STREET 53 ANDERSON SECONDARY SCHOOL SINGAPORE 569206,1.374340017,103.8515541
185,Ang Mo Kio Secondary School,Ang Mo Kio,Secondary,6 ANG MO KIO STREET 22 ANG MO KIO SECONDARY SCHOOL SINGAPORE 569362,1.367337102,103.842155
186,Anglican High School,Bedok,Secondary,600 UPPER CHANGI ROAD ANGLICAN HIGH SCHOOL SINGAPORE 487012,1.331181079,103.9418535
187,Anglo-Chinese School (Barker Road),Novena,Secondary,48 BARKER ROAD METHODIST CENTRE (ANGLO-CHINESE SCHOOL (BARKER ROAD)) SINGAPORE 309917,1.319089284,103.8348027
188,Anglo-Chinese School (Independent),Queenstown,Secondary,121 DOVER ROAD ANGLO-CHINESE SCHOOL (INDEPENDENT) SINGAPORE 139650,1.303704093,103.7803634
189,Assumption English School,Bukit Panjang,Secondary,622 UPPER BUKIT TIMAH ROAD ASSUMPTION ENGLISH SCHOOL SINGAPORE 678117,1.368381607,103.7666875
190,Assumption Pathway School,Bukit Panjang,Secondary,30 CASHEW ROAD ASSUMPTION PATHWAY SCHOOL SINGAPORE 679697,1.369670704,103.7659591
191,Bartley Secondary School,Toa Payoh,Secondary,10 JALAN BUNGA RAMPAI BARTLEY SECONDARY SCHOOL SINGAPORE 538403,1.339954156,103.8828062
192,Beatty Secondary School,Toa Payoh,Secondary,1 TOA PAYOH NORTH BEATTY SECONDARY SCHOOL SINGAPORE 318990,1.341790285,103.8522808
193,Bedok Green Secondary School,Bedok,Secondary,360 BEDOK NORTH AVENUE 3 BEDOK GREEN SECONDARY SCHOOL SINGAPORE 469722,1.334519473,103.9350284
194,Bedok South Secondary School,Bedok,Secondary,1 JALAN LANGGAR BEDOK BEDOK SOUTH SECONDARY SCHOOL SINGAPORE 468585,1.325136552,103.9509891
195,Bedok View Secondary School,Bedok,Secondary,6 BEDOK SOUTH AVENUE 3 BEDOK VIEW SECONDARY SCHOOL SINGAPORE 469293,1.32415704,103.9437762
196,Bendemeer Secondary School,Kallang,Secondary,1 SAINT WILFRED ROAD BENDEMEER SECONDARY SCHOOL SINGAPORE 327919,1.324611113,103.8609703
197,Boon Lay Secondary School,Jurong West,Secondary,11 JURONG WEST STREET 65 BOON LAY SECONDARY SCHOOL SINGAPORE 648354,1.342722163,103.7018915
198,Bowen Secondary School,Hougang,Secondary,2 LORONG NAPIRI BOWEN SECONDARY SCHOOL SINGAPORE 547529,1.370359944,103.8776596
199,Broadrick Secondary School,Geylang,Secondary,61 DAKOTA CRESCENT BROADRICK SECONDARY SCHOOL SINGAPORE 399935,1.307050611,103.8869179
200,Bukit Batok Secondary School,Bukit Batok,Secondary,50 BUKIT BATOK WEST AVENUE 8 BUKIT BATOK SECONDARY SCHOOL SINGAPORE 658962,1.348491111,103.7408737
201,Bukit Merah Secondary School,Bukit Merah,Secondary,10 LENGKOK BAHRU BUKIT MERAH SECONDARY SCHOOL SINGAPORE 159050,1.285692831,103.8134389
202,Bukit Panjang Government High School,Choa Chu Kang,Secondary,7 CHOA CHU KANG AVENUE 4 BUKIT PANJANG GOVERNMENT HIGH SCHOOL SINGAPORE 689809,1.382242434,103.7383612
203,Bukit View Secondary School,Bukit Batok,Secondary,16 BUKIT BATOK STREET 21 BUKIT VIEW SECONDARY SCHOOL SINGAPORE 659633,1.345733055,103.7522266
204,Canberra Secondary School,Sembawang,Secondary,51 SEMBAWANG DRIVE CANBERRA SECONDARY SCHOOL SINGAPORE 757699,1.453190863,103.8142036
205,Catholic High School,Bishan,Secondary,9 BISHAN STREET 22 COMMIT LEARNING SCHOOLHOUSE @ CATHOLIC HIGH SCHOOL (PRIMARY) SINGAPORE 579767,1.354388784,103.8442107
206,Cedar Girls' Secondary School,Toa Payoh,Secondary,1 CEDAR AVENUE CEDAR GIRLS' SECONDARY SCHOOL SINGAPORE 349692,1.333758002,103.8739331
207,Changkat Changi Secondary School,Tampines,Secondary,23 SIMEI STREET 3 CHANGKAT CHANGI SECONDARY SCHOOL SINGAPORE 529894,1.339506301,103.9532455
208,CHIJ Katong Convent,Marine Parade,Secondary,346 MARINE TERRACE CHIJ KATONG CONVENT SINGAPORE 449150,1.30644268,103.9171444
209,CHIJ Secondary (Toa Payoh),Toa Payoh,Secondary,626 LORONG 1 TOA PAYOH CHIJ SECONDARY (TOA PAYOH) SINGAPORE 319764,1.332460799,103.8432716
210,CHIJ St. Joseph's Convent,Seng Kang,Secondary,62 SENGKANG EAST WAY CHIJ SAINT JOSEPH'S CONVENT SINGAPORE 548595,1.391752223,103.902465
211,CHIJ St. Nicholas Girls' School,Ang Mo Kio,Secondary,501 ANG MO KIO STREET 13 CHIJ SAINT NICHOLAS GIRLS' SCHOOL SINGAPORE 569405,1.373476879,103.8342533
212,CHIJ St. Theresa's Convent,Bukit Merah,Secondary,160 LOWER DELTA ROAD CHIJ SAINT THERESA'S CONVENT SINGAPORE 099138,1.275351775,103.8224407
213,Christ Church Secondary School,Woodlands,Secondary,20 WOODLANDS DRIVE 17 CHRIST CHURCH SECONDARY SCHOOL SINGAPORE 737924,1.426567809,103.7934511
214,Chua Chu Kang Secondary School,Choa Chu Kang,Secondary,3 TECK WHYE CRESCENT CHUA CHU KANG SECONDARY SCHOOL (CAMPUS 2) SINGAPORE 688845,1.383190293,103.7518783
215,Chung Cheng High School (Main),Marine Parade,Secondary,50 GOODMAN ROAD CHUNG CHENG HIGH SCHOOL (MAIN) SINGAPORE 439012,1.305091548,103.8916532
216,Chung Cheng High School (Yishun),Yishun,Secondary,11 YISHUN STREET 61 CHUNG CHENG HIGH SCHOOL (YISHUN) SINGAPORE 768547,1.419226036,103.8373908
217,Clementi Town Secondary School,Clementi,Secondary,10 CLEMENTI AVENUE 3 CLEMENTI TOWN SECONDARY SCHOOL SINGAPORE 129904,1.315539129,103.7620206
218,Commonwealth Secondary School,Jurong East,Secondary,698 WEST COAST ROAD COMMONWEALTH SECONDARY SCHOOL SINGAPORE 608784,1.319203959,103.7456374
219,Compassvale Secondary School,Seng Kang,Secondary,51 COMPASSVALE CRESCENT COMPASSVALE SECONDARY SCHOOL SINGAPORE 545083,1.39614084,103.8998472
220,Crescent Girls' School,Bukit Merah,Secondary,357 TANGLIN ROAD CRESCENT GIRLS' SCHOOL SINGAPORE 247961,1.293319471,103.8175445
221,Crest Secondary School,Jurong East,Secondary,11 PASIR RIS STREET 41 PASIR RIS CREST SECONDARY SCHOOL SINGAPORE 518934,1.372840601,103.9597282
222,Damai Secondary School,Bedok,Secondary,4800 BEDOK RESERVOIR ROAD DAMAI SECONDARY SCHOOL SINGAPORE 479229,1.336927985,103.9270917
223,Deyi Secondary School,Ang Mo Kio,Secondary,1 ANG MO KIO STREET 42 DEYI SECONDARY SCHOOL SINGAPORE 569277,1.365997026,103.8525458
224,Dunearn Secondary School,Bukit Batok,Secondary,21 BUKIT BATOK WEST AVENUE 2 DUNEARN SECONDARY SCHOOL SINGAPORE 659204,1.363579008,103.7447211
225,Dunman High School,Kallang,Secondary,10 TANJONG RHU ROAD DUNMAN HIGH SCHOOL SINGAPORE 436895,1.29996216,103.8829416
226,Dunman Secondary School,Tampines,Secondary,21 TAMPINES STREET 45 DUNMAN SECONDARY SCHOOL SINGAPORE 529093,1.360652583,103.9562139
227,East Spring Secondary School,Tampines,Secondary,30 TAMPINES STREET 34 EAST SPRING SECONDARY SCHOOL SINGAPORE 529231,1.35622509,103.9606407
228,Edgefield Secondary School,Punggol,Secondary,36 PUNGGOL FIELD EDGEFIELD SECONDARY SCHOOL SINGAPORE 828814,1.4005931,103.9026874
229,Evergreen Secondary School,Woodlands,Secondary,11 WOODLANDS STREET 83 EVERGREEN SECONDARY SCHOOL SINGAPORE 738489,1.441491313,103.7941378
230,Fairfield Methodist School (Secondary),Queenstown,Secondary,102 DOVER ROAD FAIRFIELD METHODIST SCHOOL (SECONDARY) SINGAPORE 139649,1.301633744,103.7840996
231,Fuchun Secondary School,Woodlands,Secondary,21 WOODLANDS AVENUE 1 FUCHUN SECONDARY SCHOOL SINGAPORE 739062,1.430704529,103.7776257
232,Fuhua Secondary School,Jurong West,Secondary,5 JURONG WEST STREET 41 FUHUA SECONDARY SCHOOL SINGAPORE 649410,1.347014089,103.7265209
233,Gan Eng Seng School,Bukit Merah,Secondary,1 HENDERSON ROAD GAN ENG SENG SCHOOL SINGAPORE 159561,1.289071145,103.8237337
234,Geylang Methodist School (Secondary),Geylang,Secondary,2 GEYLANG EAST CENTRAL GEYLANG METHODIST SCHOOL (SECONDARY) SINGAPORE 389705,1.317649005,103.8826611
235,Greendale Secondary School,Punggol,Secondary,51 EDGEDALE PLAINS GREENDALE SECONDARY SCHOOL SINGAPORE 828866,1.396960199,103.9117001
236,Greenridge Secondary School,Bukit Panjang,Secondary,31 GANGSA ROAD GREENRIDGE SECONDARY SCHOOL SINGAPORE 678972,1.375600053,103.7639989
237,Guangyang Secondary School,Bishan,Secondary,8 BISHAN STREET 12 GUANGYANG SECONDARY SCHOOL SINGAPORE 579807,1.34440856,103.8502089
238,Hai Sing Catholic School,Pasir Ris,Secondary,9 PASIR RIS DRIVE 6 HAI SING CATHOLIC SCHOOL SINGAPORE 519421,1.374346412,103.9549579
239,Hillgrove Secondary School,Bukit Batok,Secondary,10 BUKIT BATOK STREET 52 HILLGROVE SECONDARY SCHOOL SINGAPORE 659250,1.352735766,103.7529865
240,Holy Innocents' High School,Hougang,Secondary,1191 UPPER SERANGOON ROAD HOLY INNOCENTS' HIGH SCHOOL SINGAPORE 534786,1.371545088,103.8963988
241,Hougang Secondary School,Hougang,Secondary,2 HOUGANG STREET 93 HOUGANG SECONDARY SCHOOL SINGAPORE 534256,1.377640193,103.882534
242,Hua Yi Secondary School,Jurong West,Secondary,60 JURONG WEST STREET 42 HUA YI SECONDARY SCHOOL SINGAPORE 649371,1.352343655,103.7218323
243,Hwa Chong Institution,Bukit Timah,Secondary,661 BUKIT TIMAH ROAD HWA CHONG INSTITUTION SINGAPORE 269734,1.324947793,103.8057044
244,Junyuan Secondary School,Tampines,Secondary,11 TAMPINES STREET 84 JUNYUAN SECONDARY SCHOOL SINGAPORE 528933,1.353613153,103.9338862
245,Jurong Secondary School,Jurong West,Secondary,31 YUAN CHING ROAD JURONG SECONDARY SCHOOL SINGAPORE 618652,1.330020322,103.723953
246,Jurong West Secondary School,Jurong West,Secondary,61 JURONG WEST STREET 65 JURONG WEST SECONDARY SCHOOL SINGAPORE 648348,1.335256347,103.7020989
247,Jurongville Secondary School,Jurong East,Secondary,202 JURONG EAST AVENUE 1 JURONGVILLE SECONDARY SCHOOL SINGAPORE 609790,1.351288628,103.7289077
248,Juying Secondary School,Jurong West,Secondary,33 JURONG WEST STREET 91 JUYING SECONDARY SCHOOL SINGAPORE 649038,1.338722773,103.6873103
249,Kent Ridge Secondary School,Clementi,Secondary,147 WEST COAST ROAD KENT RIDGE SECONDARY SCHOOL SINGAPORE 127368,1.301227734,103.7648896
250,Kranji Secondary School,Choa Chu Kang,Secondary,61 CHOA CHU KANG STREET 51 KRANJI SECONDARY SCHOOL SINGAPORE 689333,1.390051099,103.7411907
251,Kuo Chuan Presbyterian Secondary School,Bishan,Secondary,10 BISHAN STREET 13 KUO CHUAN PRESBYTERIAN SECONDARY SCHOOL SINGAPORE 579795,1.350171299,103.8549837
252,Loyang View Secondary School,Pasir Ris,Secondary,12 PASIR RIS STREET 11 LOYANG VIEW SECONDARY SCHOOL SINGAPORE 519073,1.366584172,103.9569446
253,Manjusri Secondary School,Geylang,Secondary,20 UBI AVENUE 1 MANJUSRI SECONDARY SCHOOL SINGAPORE 408940,1.327471231,103.90172
254,Maris Stella High School,Toa Payoh,Secondary,25 MOUNT VERNON ROAD MARIS STELLA HIGH SCHOOL SINGAPORE 368051,1.341394734,103.8778525
255,Marsiling Secondary School,Woodlands,Secondary,12 MARSILING ROAD MARSILING SECONDARY SCHOOL SINGAPORE 739110,1.436644248,103.7760081
256,Mayflower Secondary School,Ang Mo Kio,Secondary,2 ANG MO KIO STREET 21 MAYFLOWER SECONDARY SCHOOL SINGAPORE 569384,1.368272662,103.8353607
257,Meridian Secondary School,Pasir Ris,Secondary,31 PASIR RIS STREET 51 MERIDIAN SECONDARY SCHOOL SINGAPORE 518901,1.367246849,103.9489725
258,Methodist Girls' School (Secondary),Bukit Timah,Secondary,296 LORONG AH SOO PAYA LEBAR METHODIST GIRLS' SCHOOL (SECONDARY) SINGAPORE 536742,1.350967559,103.8851201
259,Montfort Secondary School,Hougang,Secondary,50 HOUGANG AVENUE 8 MONTFORT SECONDARY SCHOOL SINGAPORE 538785,1.373961317,103.8889284
260,Nan Chiau High School,Seng Kang,Secondary,20 ANCHORVALE LINK NAN CHIAU HIGH SCHOOL SINGAPORE 545079,1.388795825,103.8900044
261,Nan Hua High School,Clementi,Secondary,41 CLEMENTI AVENUE 1 NAN HUA HIGH SCHOOL SINGAPORE 129956,1.308095295,103.7685614
262,Nanyang Girls' High School,Bukit Timah,Secondary,2 LINDEN DRIVE NANYANG GIRLS' HIGH SCHOOL SINGAPORE 288683,1.330583267,103.802421
263,National Junior College,Bukit Timah,Secondary,37 HILLCREST ROAD NATIONAL JUNIOR COLLEGE SINGAPORE 288913,1.330292911,103.8041109
264,Naval Base Secondary School,Yishun,Secondary,901 YISHUN RING ROAD NAVAL BASE SECONDARY SCHOOL SINGAPORE 768689,1.419378816,103.8310504
265,New Town Secondary School,Queenstown,Secondary,1020 DOVER ROAD NEW TOWN SECONDARY SCHOOL SINGAPORE 139657,1.3097759,103.7731886
266,Ngee Ann Secondary School,Tampines,Secondary,1 TAMPINES STREET 32 NGEE ANN SECONDARY SCHOOL SINGAPORE 529283,1.354475258,103.9567473
267,North Vista Secondary School,Seng Kang,Secondary,11 RIVERVALE LINK NORTH VISTA SECONDARY SCHOOL SINGAPORE 545081,1.381131285,103.8991888
268,Northbrooks Secondary School,Yishun,Secondary,585 YISHUN RING ROAD NORTHBROOKS SECONDARY SCHOOL SINGAPORE 768692,1.42081285,103.8451473
269,Northland Secondary School,Yishun,Secondary,3 YISHUN STREET 22 NORTHLAND SECONDARY SCHOOL SINGAPORE 768578,1.435801834,103.8401047
270,Northlight School,Kallang,Secondary,151 TOWNER ROAD NORTHLIGHT SCHOOL SINGAPORE 327830,1.319100216,103.8557596
271,NUS High School of Mathematics and Science,Clementi,Secondary,20 CLEMENTI AVENUE 1 NUS HIGH SCHOOL OF MATHEMATICS AND SCIENCE SINGAPORE 129957,1.306564481,103.7693652
272,Orchid Park Secondary School,Yishun,Secondary,10 YISHUN STREET 81 ORCHID PARK SECONDARY SCHOOL SINGAPORE 768454,1.415320328,103.8378592
273,Outram Secondary School,Central,Secondary,3 YORK HILL OUTRAM SECONDARY SCHOOL SINGAPORE 168622,1.286513575,103.8371273
274,Pasir Ris Crest Secondary School,Pasir Ris,Secondary,11 PASIR RIS STREET 41 PASIR RIS CREST SECONDARY SCHOOL SINGAPORE 518934,1.372840601,103.9597282
275,Pasir Ris Secondary School,Tampines,Secondary,11 PASIR RIS STREET 41 PASIR RIS CREST SECONDARY SCHOOL SINGAPORE 518934,1.372840601,103.9597282
276,Paya Lebar Methodist Girls' School (Secondary),Hougang,Secondary,296 LORONG AH SOO PAYA LEBAR METHODIST GIRLS' SCHOOL (SECONDARY) SINGAPORE 536742,1.350967559,103.8851201
277,Pei Hwa Secondary School,Seng Kang,Secondary,21 FERNVALE LINK PEI HWA SECONDARY SCHOOL SINGAPORE 797702,1.39037505,103.8784617
278,Peicai Secondary School,Serangoon,Secondary,10 SERANGOON AVENUE 4 PEICAI SECONDARY SCHOOL SINGAPORE 556094,1.359515832,103.8700107
279,Peirce Secondary School,Bishan,Secondary,10 SIN MING WALK PEIRCE SECONDARY SCHOOL SINGAPORE 575566,1.366659447,103.8302161
280,Presbyterian High School,Ang Mo Kio,Secondary,5209 ANG MO KIO AVENUE 6 PRESBYTERIAN HIGH SCHOOL SINGAPORE 569845,1.382011943,103.8431494
281,Punggol Secondary School,Punggol,Secondary,51 EDGEFIELD PLAINS PUNGGOL SECONDARY SCHOOL SINGAPORE 828870,1.402057384,103.9092137
282,Queenstown Secondary School,Queenstown,Secondary,1 STRATHMORE ROAD QUEENSTOWN SECONDARY SCHOOL SINGAPORE 148800,1.293521268,103.813191
283,Queensway Secondary School,Queenstown,Secondary,2A MARGARET DRIVE QUEENSWAY SECONDARY SCHOOL SINGAPORE 149295,1.300222716,103.8022073
284,Raffles Girls' School (Secondary),Toa Payoh,Secondary,2 BRADDELL RISE RAFFLES GIRLS' SCHOOL (SECONDARY) SINGAPORE 318871,1.342174799,103.843134
285,Raffles Institution (Secondary),Bishan,Secondary,1 RAFFLES INSTITUTION LANE RAFFLES INSTITUTION SINGAPORE 575954,1.346187758,103.8458751
286,Regent Secondary School,Choa Chu Kang,Secondary,50 CHOA CHU KANG NORTH 5 REGENT SECONDARY SCHOOL SINGAPORE 689621,1.393279083,103.7510344
287,River Valley High School,Jurong West,Secondary,6 BOON LAY AVENUE RIVER VALLEY HIGH SCHOOL SINGAPORE 649961,1.344078011,103.7090222
288,Riverside Secondary School,Woodlands,Secondary,3 WOODLANDS STREET 81 RIVERSIDE SECONDARY SCHOOL SINGAPORE 738524,1.441101571,103.7883082
289,"School of Science and Technology, Singapore",Clementi,Secondary,"1 TECHNOLOGY DRIVE SCHOOL OF SCIENCE AND TECHNOLOGY, SINGAPORE SINGAPORE 138572",1.312928106,103.7740115
290,School of the Arts (SOTA),Central,Secondary,1 ZUBIR SAID DRIVE SCHOOL OF THE ARTS (SOTA) SINGAPORE 227968,1.299364804,103.8486874
291,Sembawang Secondary School,Sembawang,Secondary,30 SEMBAWANG CRESCENT SEMBAWANG SECONDARY SCHOOL SINGAPORE 757704,1.445315021,103.8168433
292,Seng Kang Secondary School,Seng Kang,Secondary,10 COMPASSVALE LANE SENG KANG SECONDARY SCHOOL SINGAPORE 545090,1.386596831,103.898365
293,Serangoon Garden Secondary School,Serangoon,Secondary,21 SERANGOON NORTH AVENUE 1 SERANGOON GARDEN SECONDARY SCHOOL SINGAPORE 555889,1.369325705,103.8692703
294,Serangoon Secondary School,Hougang,Secondary,21 SERANGOON NORTH AVENUE 1 SERANGOON GARDEN SECONDARY SCHOOL SINGAPORE 555889,1.369325705,103.8692703
295,Singapore Chinese Girls' School,Novena,Secondary,190 DUNEARN ROAD SINGAPORE CHINESE GIRLS' SCHOOL SINGAPORE 309437,1.320634084,103.828165
296,Singapore Sports School,Woodlands,Secondary,1 CHAMPIONS WAY SINGAPORE SPORTS SCHOOL SINGAPORE 737913,1.426411406,103.7894448
297,Spectra Secondary School,Woodlands,Secondary,1 WOODLANDS DRIVE 64 SPECTRA SECONDARY SCHOOL SINGAPORE 737758,1.437037508,103.8041005
298,Springfield Secondary School,Tampines,Secondary,30 TAMPINES AVENUE 8 SPRINGFIELD SECONDARY SCHOOL SINGAPORE 529593,1.349573035,103.9303545
299,St. Andrew's Secondary School,Toa Payoh,Secondary,15 FRANCIS THOMAS DRIVE SAINT ANDREW'S SECONDARY SCHOOL SINGAPORE 359342,1.33069361,103.8662491
300,St. Anthony's Canossian Secondary School,Bedok,Secondary,1600 BEDOK NORTH AVENUE 4 SAINT ANTHONY'S CANOSSIAN SECONDARY SCHOOL SINGAPORE 469700,1.334663135,103.9419772
301,St. Gabriel's Secondary School,Serangoon,Secondary,24 SERANGOON AVENUE 1 SAINT GABRIEL'S SECONDARY SCHOOL SINGAPORE 556140,1.346487987,103.8760942
302,St. Hilda's Secondary School,Tampines,Secondary,2 TAMPINES STREET 82 SAINT HILDA'S SECONDARY SCHOOL SINGAPORE 528986,1.349739224,103.937608
303,St. Joseph's Institution (Secondary),Novena,Secondary,38 MALCOLM ROAD SAINT JOSEPH'S INSTITUTION SINGAPORE 308274,1.323653135,103.828499
304,St. Margaret's School (Secondary),Bukit Timah,Secondary,111 FARRER ROAD SAINT MARGARET'S SCHOOL (SECONDARY) SINGAPORE 259240,1.320068214,103.8099511
305,St. Patrick's School,Bedok,Secondary,490 EAST COAST ROAD SAINT PATRICK'S SCHOOL SINGAPORE 429058,1.307883419,103.9176382
306,Swiss Cottage Secondary School,Bukit Batok,Secondary,3 BUKIT BATOK STREET 34 SWISS COTTAGE SECONDARY SCHOOL SINGAPORE 659322,1.364717427,103.7503961
307,Tampines Secondary School,Tampines,Secondary,252 TAMPINES STREET 12 TAMPINES SECONDARY SCHOOL SINGAPORE 529427,1.349260948,103.9442637
308,Tanjong Katong Girls' School,Marine Parade,Secondary,20 DUNMAN LANE TANJONG KATONG GIRLS' SCHOOL SINGAPORE 439272,1.308212746,103.8958201
309,Tanjong Katong Secondary School,Marine Parade,Secondary,130 HAIG ROAD TANJONG KATONG SECONDARY SCHOOL SINGAPORE 438796,1.30873516,103.8972252
310,Temasek Junior College,Bedok,Secondary,22 BEDOK SOUTH ROAD TEMASEK JUNIOR COLLEGE SINGAPORE 469278,1.31849283,103.9355673
311,Temasek Secondary School,Bedok,Secondary,600 UPPER EAST COAST ROAD TEMASEK SECONDARY SCHOOL SINGAPORE 465561,1.315916732,103.9475641
312,Unity Secondary School,Choa Chu Kang,Secondary,20 CHOA CHU KANG STREET 62 UNITY SECONDARY SCHOOL SINGAPORE 689143,1.400015241,103.7460209
313,Victoria School,Bedok,Secondary,2 SIGLAP LINK VICTORIA SCHOOL SINGAPORE 448880,1.308713027,103.927981
314,West Spring Secondary School,Bukit Panjang,Secondary,61 SENJA ROAD WEST SPRING SECONDARY SCHOOL SINGAPORE 677737,1.387822833,103.7601288
315,Westwood Secondary School,Jurong West,Secondary,11 JURONG WEST STREET 25 WESTWOOD SECONDARY SCHOOL SINGAPORE 648350,1.353736985,103.7017721
316,Whitley Secondary School,Bishan,Secondary,30 BISHAN STREET 24 WHITLEY SECONDARY SCHOOL SINGAPORE 579747,1.355052085,103.8425524
317,Woodgrove Secondary School,Woodlands,Secondary,3 WOODLANDS AVENUE 6 WOODGROVE SECONDARY SCHOOL SINGAPORE 738990,1.428318281,103.7960476
318,Woodlands Ring Secondary School,Woodlands,Secondary,10 WOODLANDS RING ROAD WOODLANDS RING SECONDARY SCHOOL SINGAPORE 738239,1.436488947,103.8001485
319,Woodlands Secondary School,Woodlands,Secondary,10 WOODLANDS RING ROAD WOODLANDS RING SECONDARY SCHOOL SINGAPORE 738239,1.436488947,103.8001485
320,Xinmin Secondary School,Hougang,Secondary,11 HOUGANG AVENUE 8 XINMIN SECONDARY SCHOOL SINGAPORE 538789,1.372558847,103.8830516
321,Yio Chu Kang Secondary School,Ang Mo Kio,Secondary,3063 ANG MO KIO AVENUE 5 YIO CHU KANG SECONDARY SCHOOL SINGAPORE 569868,1.377975977,103.842137
322,Yishun Secondary School,Yishun,Secondary,4 YISHUN STREET 71 YISHUN SECONDARY SCHOOL SINGAPORE 768516,1.428133243,103.8287643
323,Yishun Town Secondary School,Yishun,Secondary,6 YISHUN STREET 21 YISHUN TOWN SECONDARY SCHOOL SINGAPORE 768610,1.432321567,103.8380942
324,Yuan Ching Secondary School,Jurong West,Secondary,103 YUAN CHING ROAD YUAN CHING SECONDARY SCHOOL SINGAPORE 618654,1.342006358,103.7208987
325,Yuhua Secondary School,Jurong West,Secondary,35 JURONG WEST STREET 41 YUHUA SECONDARY SCHOOL SINGAPORE 649406,1.347186269,103.7226872
326,Yusof Ishak Secondary School,Punggol,Secondary,8 SUMANG WALK YUSOF ISHAK SECONDARY SCHOOL SINGAPORE 828676,1.406937025,103.8962751
327,Yuying Secondary School,Hougang,Secondary,47 HOUGANG AVENUE 1 YUYING SECONDARY SCHOOL SINGAPORE 538884,1.357135953,103.8901948
328,Zhenghua Secondary School,Bukit Panjang,Secondary,62 BUKIT PANJANG RING ROAD ZHENGHUA SECONDARY SCHOOL SINGAPORE 679962,1.388365834,103.7655106
329,Zhonghua Secondary School,Serangoon,Secondary,13 SERANGOON AVENUE 3 ZHONGHUA SECONDARY SCHOOL SINGAPORE 556123,1.348407208,103.8694305
330,Anderson Serangoon Junior College,Ang Mo Kio,JC/MI,4500 ANG MO KIO AVENUE 6 ANDERSON SERANGOON JUNIOR COLLEGE SINGAPORE 569843,1.37894408,103.8457609
331,Anglo-Chinese Junior College,Queenstown,JC/MI,25 DOVER CLOSE EAST ANGLO-CHINESE JUNIOR COLLEGE SINGAPORE 139745,1.303042552,103.7853584
332,Anglo-Chinese School (Independent),Queenstown,JC/MI,121 DOVER ROAD ANGLO-CHINESE SCHOOL (INDEPENDENT) SINGAPORE 139650,1.303704093,103.7803634
333,Catholic Junior College,Novena,JC/MI,127 WHITLEY ROAD CATHOLIC JUNIOR COLLEGE SINGAPORE 297821,1.324556058,103.8350288
334,Dunman High School,Kallang,JC/MI,10 TANJONG RHU ROAD DUNMAN HIGH SCHOOL SINGAPORE 436895,1.29996216,103.8829416
335,Eunoia Junior College,Bishan,JC/MI,2 SIN MING PLACE EUNOIA JUNIOR COLLEGE SINGAPORE 573838,1.362137572,103.8412862
336,Hwa Chong Institution,Bukit Timah,JC/MI,661 BUKIT TIMAH ROAD HWA CHONG INSTITUTION SINGAPORE 269734,1.324947793,103.8057044
337,Jurong Pioneer Junior College,Choa Chu Kang,JC/MI,21 TECK WHYE WALK JURONG PIONEER JUNIOR COLLEGE SINGAPORE 688258,1.384374064,103.7543746
338,Millennia Institute,Bukit Batok,JC/MI,60 BUKIT BATOK WEST AVENUE 8 MILLENNIA INSTITUTE SINGAPORE 658965,1.350319392,103.7415936
339,Nanyang Junior College,Serangoon,JC/MI,128 SERANGOON AVENUE 3 NANYANG JUNIOR COLLEGE SINGAPORE 556111,1.350283149,103.8664987
340,National Junior College,Bukit Timah,JC/MI,37 HILLCREST ROAD NATIONAL JUNIOR COLLEGE SINGAPORE 288913,1.330292911,103.8041109
341,NUS High School of Mathematics and Science,Clementi,JC/MI,20 CLEMENTI AVENUE 1 NUS HIGH SCHOOL OF MATHEMATICS AND SCIENCE SINGAPORE 129957,1.306564481,103.7693652
342,Raffles Institution (Junior College),Bishan,JC/MI,1 RAFFLES INSTITUTION LANE RAFFLES INSTITUTION SINGAPORE 575954,1.346187758,103.8458751
343,River Valley High School,Jurong West,JC/MI,6 BOON LAY AVENUE RIVER VALLEY HIGH SCHOOL SINGAPORE 649961,1.344078011,103.7090222
344,School of the Arts,Central,JC/MI,1 ZUBIR SAID DRIVE SCHOOL OF THE ARTS (SOTA) SINGAPORE 227968,1.299364804,103.8486874
345,Singapore Sports School,Woodlands,JC/MI,1 CHAMPIONS WAY SINGAPORE SPORTS SCHOOL SINGAPORE 737913,1.426411406,103.7894448
346,St. Andrew's Junior College,Toa Payoh,JC/MI,5 SORBY ADAMS DRIVE SAINT ANDREW'S JUNIOR COLLEGE SINGAPORE 357691,1.333065157,103.8635764
347,St. Joseph's Institution (Junior College),Novena,JC/MI,38 MALCOLM ROAD SAINT JOSEPH'S INSTITUTION SINGAPORE 308274,1.323653135,103.828499
348,Tampines Meridian Junior College,Pasir Ris,JC/MI,21 PASIR RIS STREET 71 TAMPINES MERIDIAN JUNIOR COLLEGE SINGAPORE 518799,1.376333469,103.9369907
349,Temasek Junior College,Bedok,JC/MI,22 BEDOK SOUTH ROAD TEMASEK JUNIOR COLLEGE SINGAPORE 469278,1.31849283,103.9355673
350,Victoria Junior College,Bedok,JC/MI,20 MARINE VISTA VICTORIA JUNIOR COLLEGE SINGAPORE 449035,1.306701742,103.9199827
351,Yishun Innova Junior College,Yishun,JC/MI,3 YISHUN RING ROAD YISHUN INNOVA JUNIOR COLLEGE SINGAPORE 768675,1.424266926,103.8300317
352,Nanyang Polytechnic,Ang Mo Kio,Polytechnic,150 ANG MO KIO AVENUE 8 NANYANG POLYTECHNIC SINGAPORE 569815,1.381118751,103.8497361
353,Ngee Ann Polytechnic,Clementi,Polytechnic,535 CLEMENTI ROAD OCBC NGEE ANN POLYTECHNIC - BLK 1 SINGAPORE 599489,1.333458342,103.7769955
354,Republic Polytechnic,Woodlands,Polytechnic,3 WOODLANDS AVENUE 9 REPUBLIC POLYTECHNIC (REPUBLIC POLYTECHNIC CENTRE) SINGAPORE 738961,1.442727872,103.7854584
355,Singapore Polytechnic,Queenstown,Polytechnic,2 KALLANG SECTOR SP GROUP BUILDING SINGAPORE 349277,1.325515881,103.8722572
356,Temasek Polytechnic,Tampines,Polytechnic,21 TAMPINES AVENUE 1 PRESCHOOL LEARNING ACADEMY @TEMASEK POLYTECHNIC SINGAPORE 529757,1.347939484,103.92884
357,Institute of Technical Education - College Central,Ang Mo Kio,ITE,2 ANG MO KIO DRIVE DBS ITE COLLEGE CENTRAL BRANCH SINGAPORE 567720,1.377892049,103.856412
358,Institute of Technical Education - College East,Tampines,ITE,10 SIMEI AVENUE ITE COLLEGE EAST SINGAPORE 486047,1.334386914,103.9550508
359,Institute of Technical Education - College West,Choa Chu Kang,ITE,1 CHOA CHU KANG GROVE DBS ITE COLLEGE WEST SINGAPORE 688236,1.374906509,103.7522337
360,MOE Kindergarten @ Alexandra,Bukit Merah,Kindergarten,2A PRINCE CHARLES CRESCENT MOE KINDERGARTEN @ ALEXANDRA SINGAPORE 159016,1.291169656,103.8240174
361,MOE Kindergarten @ Anchor Green,Sengkang,Kindergarten,31 ANCHORVALE DRIVE MOE KINDERGARTEN @ ANCHOR GREEN SINGAPORE 544969,1.39050831,103.8874332
362,MOE Kindergarten @ Ang Mo Kio,Ang Mo Kio,Kindergarten,20 ANG MO KIO AVENUE 3 MOE KINDERGARTEN @ ANG MO KIO SINGAPORE 569920,1.368703634,103.8397053
363,MOE Kindergarten @ Angsana,Tampines,Kindergarten,51 TAMPINES STREET 61 MOE KINDERGARTEN @ ANGSANA (U/C) SINGAPORE 528565,1.36324819,103.9389148
364,MOE Kindergarten @ Bendemeer,Kallang,Kindergarten,91 BENDEMEER ROAD MOE KINDERGARTEN @ BENDEMEER SINGAPORE 339948,1.322544966,103.864716
365,MOE Kindergarten @ Cedar,Toa Payoh,Kindergarten,15 CEDAR AVENUE MOE KINDERGARTEN @ CEDAR SINGAPORE 349700,1.335316538,103.8755283
366,MOE Kindergarten @ Dazhong,Bukit Batok,Kindergarten,35 BUKIT BATOK STREET 31 MOE KINDERGARTEN @ DAZHONG SINGAPORE 659441,1.359403453,103.7482654
367,MOE Kindergarten @ Farrer Park,Farrer Park,Kindergarten,2 FARRER PARK ROAD MOE KINDERGARTEN @ FARRER PARK SINGAPORE 217567,1.311939502,103.8505445
368,MOE Kindergarten @ Fengshan,Bedok,Kindergarten,307 BEDOK NORTH ROAD MOE KINDERGARTEN @ FENGSHAN SINGAPORE 469680,1.329701847,103.9320051
369,MOE Kindergarten @ Fern Green,Sengkang,Kindergarten,70 FERNVALE LINK MOE KINDERGARTEN @ FERN GREEN SINGAPORE 797538,1.397319882,103.8801372
370,MOE Kindergarten @ Fernvale,Sengkang,Kindergarten,1 FERNVALE LANE MOE KINDERGARTEN @ FERNVALE SINGAPORE 797701,1.389663083,103.8740886
371,MOE Kindergarten @ First Toa Payoh,Toa Payoh,Kindergarten,7 LORONG 8 TOA PAYOH MOE KINDERGARTEN @ FIRST TOA PAYOH SINGAPORE 319252,1.340142741,103.8561755
372,MOE Kindergarten @ Frontier,Jurong West,Kindergarten,20 JURONG WEST STREET 61 MOE KINDERGARTEN @ FRONTIER SINGAPORE 648200,1.337214006,103.6996711
373,MOE Kindergarten @ Gongshang,Tampines,Kindergarten,1 TAMPINES STREET 42 MOE KINDERGARTEN @ GONGSHANG SINGAPORE 529176,1.357075347,103.9492379
374,MOE Kindergarten @ Greendale,Punggol,Kindergarten,50 EDGEDALE PLAINS MOE KINDERGARTEN @ GREENDALE SINGAPORE 828848,1.396002118,103.9130205
375,MOE Kindergarten @ Horizon,Punggol,Kindergarten,61 EDGEDALE PLAINS MOE KINDERGARTEN @ HORIZON SINGAPORE 828819,1.399630051,103.9132548
376,MOE Kindergarten @ Huamin,Yishun,Kindergarten,21 YISHUN AVENUE 11 MOE KINDERGARTEN @ HUAMIN SINGAPORE 768857,1.427301331,103.8440911
377,MOE Kindergarten @ Jing Shan,Ang Mo Kio,Kindergarten,5 ANG MO KIO STREET 52 MOE KINDERGARTEN @ JING SHAN SINGAPORE 569228,1.371584034,103.851773
378,MOE Kindergarten @ Junyuan,Tampines,Kindergarten,2 TAMPINES STREET 91 MOE KINDERGARTEN @ JUNYUAN SINGAPORE 528906,1.348052839,103.9390268
379,MOE Kindergarten @ Jurong West,Jurong West,Kindergarten,30 JURONG WEST STREET 61 MOE KINDERGARTEN @ JURONG WEST SINGAPORE 648368,1.339644436,103.699024
380,MOE Kindergarten @ Kranji,Choa Chua Kang,Kindergarten,11 CHOA CHU KANG STREET 54 MOE KINDERGARTEN @ KRANJI SINGAPORE 689189,1.393690349,103.7468317
381,MOE Kindergarten @ Mayflower,Ang Mo Kio,Kindergarten,200 ANG MO KIO AVENUE 5 MOE KINDERGARTEN @ MAYFLOWER SINGAPORE 569878,1.376917616,103.8432079
382,MOE Kindergarten @ Meridian,Tampines,Kindergarten,20 PASIR RIS STREET 71 MOE KINDERGARTEN @ MERIDIAN SINGAPORE 518798,1.375571161,103.9348786
383,MOE Kindergarten @ Naval Base,Yishun,Kindergarten,7 YISHUN AVENUE 4 MOE KINDERGARTEN @ NAVAL BASE SINGAPORE 769028,1.415901957,103.8391006
384,MOE Kindergarten @ North View,Yishun,Kindergarten,210 YISHUN AVENUE 6 MOE KINDERGARTEN @ NORTH VIEW SINGAPORE 768960,1.427451595,103.8483784
385,MOE Kindergarten @ North Vista,Sengkang,Kindergarten,20 COMPASSVALE LINK MOE KINDERGARTEN @ NORTH VISTA SINGAPORE 544974,1.382550662,103.8962646
386,MOE Kindergarten @ Northoaks,Sembawang,Kindergarten,61 SEMBAWANG DRIVE MOE KINDERGARTEN @ NORTHOAKS SINGAPORE 757622,1.457328673,103.8140756
387,MOE Kindergarten @ Northshore,Punggol,Kindergarten,30 NORTHSHORE DRIVE MOE KINDERGARTEN @ NORTHSHORE SINGAPORE 828671,1.418423221,103.9051472
388,MOE Kindergarten @ Oasis,Punggol,Kindergarten,71 EDGEFIELD PLAINS MOE KINDERGARTEN @ OASIS SINGAPORE 828716,1.405071848,103.9112002
389,MOE Kindergarten @ Pei Tong,Clementi,Kindergarten,15 CLEMENTI AVENUE 5 MOE KINDERGARTEN @ PEI TONG SINGAPORE 129857,1.316528629,103.7676823
390,MOE Kindergarten @ Princess Elizabeth,Bukit Batok,Kindergarten,30 BUKIT BATOK WEST AVENUE 3 MOE KINDERGARTEN @ PRINCESS ELIZABETH SINGAPORE 659163,1.349426189,103.7403076
391,MOE Kindergarten @ Punggol,Hougang,Kindergarten,9 PUNGGOL PLACE MOE KINDERGARTEN @ PUNGGOL VIEW SINGAPORE 828845,1.405788994,103.905191
392,MOE Kindergarten @ Punggol Cove,Punggol,Kindergarten,52 SUMANG WALK MOE KINDERGARTEN @ PUNGGOL COVE SINGAPORE 828674,1.41197712,103.899148
393,MOE Kindergarten @ Punggol Green,Punggol,Kindergarten,98 PUNGGOL WALK MOE KINDERGARTEN @ PUNGGOL GREEN SINGAPORE 828772,1.402390917,103.8987719
394,MOE Kindergarten @ Punggol View,Punggol,Kindergarten,9 PUNGGOL PLACE MOE KINDERGARTEN @ PUNGGOL VIEW SINGAPORE 828845,1.405788994,103.905191
395,MOE Kindergarten @ Riverside,Woodlands,Kindergarten,110 WOODLANDS CRESCENT MOE KINDERGARTEN @ RIVERSIDE SINGAPORE 737803,1.447833699,103.8019762
396,MOE Kindergarten @ Sembawang,Sembawang,Kindergarten,10 SEMBAWANG DRIVE MOE KINDERGARTEN @ SEMBAWANG SINGAPORE 757715,1.44574531,103.8211527
397,MOE Kindergarten @ Sengkang Green,Sengkang,Kindergarten,15 FERNVALE ROAD MOE KINDERGARTEN @ SENGKANG GREEN SINGAPORE 797636,1.392540093,103.8749849
398,MOE Kindergarten @ Shuqun,Jurong West,Kindergarten,8 JURONG WEST STREET 51 MOE KINDERGARTEN @ SHUQUN SINGAPORE 649332,1.346869673,103.7215594
399,MOE Kindergarten @ Springdale,Sengkang,Kindergarten,71 ANCHORVALE LINK MOE KINDERGARTEN @ SPRINGDALE SINGAPORE 544799,1.395285445,103.8894164
400,MOE Kindergarten @ Tampines Primary,Tampines,Kindergarten,250 TAMPINES STREET 12 MOE KINDERGARTEN @ TAMPINES PRIMARY SINGAPORE 529426,1.349943338,103.9434024
401,MOE Kindergarten @ Temasek,Bedok,Kindergarten,501 BEDOK SOUTH AVENUE 3 MOE KINDERGARTEN @ TEMASEK SINGAPORE 469300,1.317203417,103.9457594
402,MOE Kindergarten @ Valour,Punggol,Kindergarten,49 PUNGGOL CENTRAL MOE KINDERGARTEN @ VALOUR SINGAPORE 828728,1.407441682,103.8987622
403,MOE Kindergarten @ Waterway,Punggol,Kindergarten,70 PUNGGOL DRIVE MOE KINDERGARTEN @ WATERWAY SINGAPORE 828802,1.399726333,103.9183465
404,MOE Kindergarten @ Wellington,Sembawang,Kindergarten,10 WELLINGTON CIRCLE MOE KINDERGARTEN @ WELLINGTON SINGAPORE 757702,1.451685176,103.8225162
405,MOE Kindergarten @ West Spring,Bukit Panjang,Kindergarten,60 BUKIT PANJANG RING ROAD MOE KINDERGARTEN @ WEST SPRING SINGAPORE 679946,1.389179718,103.7663977
406,MOE Kindergarten @ West View,Bukit Panjang,Kindergarten,31 SENJA ROAD MOE KINDERGARTEN @ WEST VIEW SINGAPORE 677742,1.384088309,103.7601746
407,MOE Kindergarten @ Westwood,Jurong West,Kindergarten,1 JURONG WEST STREET 73 MOE KINDERGARTEN @ WESTWOOD SINGAPORE 649188,1.347710965,103.7004675
408,MOE Kindergarten @ Yishun,Yishun,Kindergarten,500 YISHUN RING ROAD MOE KINDERGARTEN @ YISHUN SINGAPORE 768679,1.433976173,103.8340508
409,MOE Kindergarten @ Zhenghua,Bukit Panjang,Kindergarten,9 FAJAR ROAD MOE KINDERGARTEN @ ZHENGHUA SINGAPORE 679002,1.379428736,103.7697032
